Fecha;Hashtags;http://twitter.com/search?q=%22Felices+88%22;Número
2020-03-18;#FelizMiercoles;http://twitter.com/search?q=%23FelizMiercoles;19623
2020-03-19;#FelizMiercoles;http://twitter.com/search?q=%23FelizMiercoles;55170
2020-03-19;#FelizMiercoles;http://twitter.com/search?q=%23FelizMiercoles;56071
2020-03-19;#FelizMiercoles;http://twitter.com/search?q=%23FelizMiercoles;56539
2020-03-19;#FelizMiercoles;http://twitter.com/search?q=%23FelizMiercoles;56789
2020-03-19;#FelizMiercoles;http://twitter.com/search?q=%23FelizMiercoles;56668
2020-03-20;#FelizViernesATodos;http://twitter.com/search?q=%23FelizViernesATodos;11011
2020-03-21;#FelizViernesATodos;http://twitter.com/search?q=%23FelizViernesATodos;23599
2020-03-21;#FelizSabado;http://twitter.com/search?q=%23FelizSabado;11801
2020-03-21;#FelizSabado;http://twitter.com/search?q=%23FelizSabado;31868
2020-03-22;#FelizSabado;http://twitter.com/search?q=%23FelizSabado;56721
2020-03-22;#FelizDomingo;http://twitter.com/search?q=%23FelizDomingo;10178
2020-03-22;#FelizDomingo;http://twitter.com/search?q=%23FelizDomingo;16937
2020-03-22;#FelizDomingo;http://twitter.com/search?q=%23FelizDomingo;27616
2020-03-23;#FelizDomingo;http://twitter.com/search?q=%23FelizDomingo;65462
2020-03-23;#FelizLunes;http://twitter.com/search?q=%23FelizLunes;13188
2020-03-23;#FelizLunes;http://twitter.com/search?q=%23FelizLunes;21087
2020-03-24;#FelizMartes;http://twitter.com/search?q=%23FelizMartes;14469
2020-03-24;#FelizMartes;http://twitter.com/search?q=%23FelizMartes;26046
2020-03-25;#FelizMiercoles;http://twitter.com/search?q=%23FelizMiercoles;10776
2020-03-25;#FelizMiercoles;http://twitter.com/search?q=%23FelizMiercoles;14409
2020-03-25;#FelizMiercoles;http://twitter.com/search?q=%23FelizMiercoles;23974
2020-03-25;#FelizMiercoles;http://twitter.com/search?q=%23FelizMiercoles;32641
2020-03-26;#FelizJueves;http://twitter.com/search?q=%23FelizJueves;10740
2020-03-26;#FelizJueves;http://twitter.com/search?q=%23FelizJueves;13387
2020-03-26;#FelizJueves;http://twitter.com/search?q=%23FelizJueves;16635
2020-03-27;#FelizJueves;http://twitter.com/search?q=%23FelizJueves;63098
2020-03-27;#FelizJueves;http://twitter.com/search?q=%23FelizJueves;60260
2020-03-28;#FelizViernesAtodos;http://twitter.com/search?q=%23FelizViernesAtodos;24999
2020-03-28;#FelizSabado;http://twitter.com/search?q=%23FelizSabado;10534
2020-03-28;#FelizSabado;http://twitter.com/search?q=%23FelizSabado;18808
2020-03-28;#FelizSabado;http://twitter.com/search?q=%23FelizSabado;23878
2020-03-28;#FelizSabado;http://twitter.com/search?q=%23FelizSabado;33979
2020-03-30;#FelizLunes;http://twitter.com/search?q=%23FelizLunes;10361
2020-03-30;#FelizLunes;http://twitter.com/search?q=%23FelizLunes;16011
2020-03-30;#FelizLunes;http://twitter.com/search?q=%23FelizLunes;22264
2020-03-31;#FelizLunes;http://twitter.com/search?q=%23FelizLunes;66232
2020-03-31;#FelizMartes;http://twitter.com/search?q=%23FelizMartes;13534
2020-04-01;#FelizMartes;http://twitter.com/search?q=%23FelizMartes;59545
2020-04-01;#FelizMartes;http://twitter.com/search?q=%23FelizMartes;57841
2020-04-01;#FelizMartes;http://twitter.com/search?q=%23FelizMartes;56361
2020-04-01;#FelizMiercoles;http://twitter.com/search?q=%23FelizMiercoles;23362
2020-04-01;#FelizMiercoles;http://twitter.com/search?q=%23FelizMiercoles;64125
2020-04-02;#FelizJueves;http://twitter.com/search?q=%23FelizJueves;11216
2020-04-02;#FelizJueves;http://twitter.com/search?q=%23FelizJueves;13757
2020-04-04;#FelizSabado;http://twitter.com/search?q=%23FelizSabado;14913
2020-04-04;#FelizSabado;http://twitter.com/search?q=%23FelizSabado;18716
2020-04-05;#FelizSabado;http://twitter.com/search?q=%23FelizSabado;55857
2020-04-05;#FelizSabado;http://twitter.com/search?q=%23FelizSabado;56468
2020-04-05;#FelizSabado;http://twitter.com/search?q=%23FelizSabado;56373
2020-04-06;#FelizLunes;http://twitter.com/search?q=%23FelizLunes;10032
2020-04-06;#FelizLunes;http://twitter.com/search?q=%23FelizLunes;12399
2020-04-06;#FelizLunes;http://twitter.com/search?q=%23FelizLunes;19288
2020-04-08;#FelizMartes;http://twitter.com/search?q=%23FelizMartes;50183
2020-04-08;#FelizMiercoles;http://twitter.com/search?q=%23FelizMiercoles;11663
2020-04-08;#FelizMiercoles;http://twitter.com/search?q=%23FelizMiercoles;18559
2020-04-08;#FelizMiercoles;http://twitter.com/search?q=%23FelizMiercoles;27580
2020-04-09;#FelizMiercoles;http://twitter.com/search?q=%23FelizMiercoles;62682
2020-04-09;#FelizMiercoles;http://twitter.com/search?q=%23FelizMiercoles;58178
2020-04-10;#FelizJueves;http://twitter.com/search?q=%23FelizJueves;46402
2020-04-10;#FelizJueves;http://twitter.com/search?q=%23FelizJueves;46402
2020-04-10;#FelizJueves;http://twitter.com/search?q=%23FelizJueves;46402
2020-04-11;#FelizSabado;http://twitter.com/search?q=%23FelizSabado;11902
2020-04-11;#FelizSabado;http://twitter.com/search?q=%23FelizSabado;19003
2020-04-11;#FelizSabado;http://twitter.com/search?q=%23FelizSabado;36607
2020-04-12;#FelizSabado;http://twitter.com/search?q=%23FelizSabado;62515
2020-04-12;#FelizDomingo;http://twitter.com/search?q=%23FelizDomingo;10419
2020-04-12;#FelizDomingo;http://twitter.com/search?q=%23FelizDomingo;20853
2020-04-12;#FelizDomingo;http://twitter.com/search?q=%23FelizDomingo;25828
2020-04-13;#FelizLunes;http://twitter.com/search?q=%23FelizLunes;11837
2020-04-14;#FelizLunes;http://twitter.com/search?q=%23FelizLunes;64450
2020-04-14;#FelizLunes;http://twitter.com/search?q=%23FelizLunes;63022
2020-04-14;#FelizLunes;http://twitter.com/search?q=%23FelizLunes;61264
2020-04-14;#FelizMartes;http://twitter.com/search?q=%23FelizMartes;12966
2020-04-15;#FelizMartes;http://twitter.com/search?q=%23FelizMartes;58858
2020-04-15;#FelizMiercoles;http://twitter.com/search?q=%23FelizMiercoles;12629
2020-04-16;#FelizMiercoles;http://twitter.com/search?q=%23FelizMiercoles;40141
2020-04-16;#FelizMiercoles;http://twitter.com/search?q=%23FelizMiercoles;39124
2020-04-16;#FelizJueves;http://twitter.com/search?q=%23FelizJueves;11070
2020-04-16;#FelizJueves;http://twitter.com/search?q=%23FelizJueves;16625
2020-04-18;#FelizSabado;http://twitter.com/search?q=%23FelizSabado;13158
2020-04-19;#FelizSabado;http://twitter.com/search?q=%23FelizSabado;49506
2020-04-19;#FelizSabado;http://twitter.com/search?q=%23FelizSabado;50999
2020-04-19;#FelizDomingo;http://twitter.com/search?q=%23FelizDomingo;15099
2020-04-19;#FelizDomingo;http://twitter.com/search?q=%23FelizDomingo;20450
2020-04-19;#FelizDomingo;http://twitter.com/search?q=%23FelizDomingo;24955
2020-04-19;#FelizDomingo;http://twitter.com/search?q=%23FelizDomingo;28166
2020-04-19;#FelizDomingo;http://twitter.com/search?q=%23FelizDomingo;31793
2020-04-19;#FelizDomingo;http://twitter.com/search?q=%23FelizDomingo;36513
2020-04-20;#FelizDomingo;http://twitter.com/search?q=%23FelizDomingo;62751
2020-04-20;#FelizDomingo;http://twitter.com/search?q=%23FelizDomingo;63878
2020-04-20;#FelizDomingo;http://twitter.com/search?q=%23FelizDomingo;64937
2020-04-20;#FelizDomingo;http://twitter.com/search?q=%23FelizDomingo;65666
2020-04-20;#FelizLunes;http://twitter.com/search?q=%23FelizLunes;10009
2020-04-20;#FelizLunes;http://twitter.com/search?q=%23FelizLunes;12227
2020-04-20;#FelizLunes;http://twitter.com/search?q=%23FelizLunes;19222
2020-04-21;#FelizMartes;http://twitter.com/search?q=%23FelizMartes;14593
2020-04-21;#FelizMartes;http://twitter.com/search?q=%23FelizMartes;22410
2020-04-22;#FelizMartes;http://twitter.com/search?q=%23FelizMartes;48615
2020-04-22;#FelizMartes;http://twitter.com/search?q=%23FelizMartes;49865
2020-04-22;#FelizMartes;http://twitter.com/search?q=%23FelizMartes;49877
2020-04-23;#FelizMiercoles;http://twitter.com/search?q=%23FelizMiercoles;47355
2020-04-23;#FelizMiercoles;http://twitter.com/search?q=%23FelizMiercoles;48033
2020-04-23;#FelizMiercoles;http://twitter.com/search?q=%23FelizMiercoles;48414
2020-04-23;#FelizMiercoles;http://twitter.com/search?q=%23FelizMiercoles;48310
2020-04-23;#FelizJueves;http://twitter.com/search?q=%23FelizJueves;11995
2020-04-24;#FelizJueves;http://twitter.com/search?q=%23FelizJueves;48618
2020-04-24;#FelizJueves;http://twitter.com/search?q=%23FelizJueves;48779
2020-04-25;#FelizSabado;http://twitter.com/search?q=%23FelizSabado;10507
2020-04-25;#FelizSabado;http://twitter.com/search?q=%23FelizSabado;12956
2020-04-25;#FelizSabado;http://twitter.com/search?q=%23FelizSabado;15953
2020-04-25;#FelizSabado;http://twitter.com/search?q=%23FelizSabado;24815
2020-04-25;#FelizSabado;http://twitter.com/search?q=%23FelizSabado;37253
2020-04-26;#FelizSabado;http://twitter.com/search?q=%23FelizSabado;55261
2020-04-26;#FelizSabado;http://twitter.com/search?q=%23FelizSabado;54916
2020-04-26;#FelizSabado;http://twitter.com/search?q=%23FelizSabado;53964
2020-04-26;#FelizDomingo;http://twitter.com/search?q=%23FelizDomingo;10921
2020-04-26;#FelizDomingo;http://twitter.com/search?q=%23FelizDomingo;13333
2020-04-26;#FelizDomingo;http://twitter.com/search?q=%23FelizDomingo;16220
2020-04-26;#FelizDomingo;http://twitter.com/search?q=%23FelizDomingo;42346
2020-04-27;#FelizDomingo;http://twitter.com/search?q=%23FelizDomingo;55924
2020-04-27;#FelizDomingo;http://twitter.com/search?q=%23FelizDomingo;58361
2020-04-27;#FelizDomingo;http://twitter.com/search?q=%23FelizDomingo;59001
2020-04-27;#FelizDomingo;http://twitter.com/search?q=%23FelizDomingo;59379
2020-04-27;#FelizDomingo;http://twitter.com/search?q=%23FelizDomingo;58973
2020-04-27;#FelizDomingo;http://twitter.com/search?q=%23FelizDomingo;57746
2020-04-27;#FelizDomingo;http://twitter.com/search?q=%23FelizDomingo;56110
2020-04-27;#FelizLunes;http://twitter.com/search?q=%23FelizLunes;19613
2020-04-27;#FelizLunes;http://twitter.com/search?q=%23FelizLunes;22661
2020-04-27;#FelizLunes;http://twitter.com/search?q=%23FelizLunes;25714
2020-04-28;#FelizMartes;http://twitter.com/search?q=%23FelizMartes;11183
2020-04-28;#FelizMartes;http://twitter.com/search?q=%23FelizMartes;18001
2020-04-29;#FelizMartes;http://twitter.com/search?q=%23FelizMartes;45151
2020-04-29;#FelizMartes;http://twitter.com/search?q=%23FelizMartes;46455
2020-04-29;#FelizMartes;http://twitter.com/search?q=%23FelizMartes;46321
2020-04-29;#FelizMiercoles;http://twitter.com/search?q=%23FelizMiercoles;12367
2020-04-29;#FelizMiercoles;http://twitter.com/search?q=%23FelizMiercoles;20204
2020-04-30;#FelizMiercoles;http://twitter.com/search?q=%23FelizMiercoles;51199
2020-04-30;#FelizMiercoles;http://twitter.com/search?q=%23FelizMiercoles;52405
2020-04-30;#FelizMiercoles;http://twitter.com/search?q=%23FelizMiercoles;52431
2020-04-30;#FelizMiercoles;http://twitter.com/search?q=%23FelizMiercoles;51556
2020-04-30;#FelizMiercoles;http://twitter.com/search?q=%23FelizMiercoles;50178
2020-04-30;#FelizMiercoles;http://twitter.com/search?q=%23FelizMiercoles;48747
2020-04-30;#FelizJueves;http://twitter.com/search?q=%23FelizJueves;10244
2020-04-30;#FelizJueves;http://twitter.com/search?q=%23FelizJueves;15685
2020-05-01;#FelizJueves;http://twitter.com/search?q=%23FelizJueves;44369
2020-05-01;#FelizJueves;http://twitter.com/search?q=%23FelizJueves;45118
2020-05-02;#FelizSabado;http://twitter.com/search?q=%23FelizSabado;11006
2020-05-02;#FelizSabado;http://twitter.com/search?q=%23FelizSabado;12978
2020-05-02;#FelizSabado;http://twitter.com/search?q=%23FelizSabado;19591
2020-05-02;#FelizSabado;http://twitter.com/search?q=%23FelizSabado;38355
2020-05-03;#FelizDomingo;http://twitter.com/search?q=%23FelizDomingo;24834
2020-05-04;#FelizLunes;http://twitter.com/search?q=%23FelizLunes;11822
2020-05-04;#FelizLunes;http://twitter.com/search?q=%23FelizLunes;18594
2020-05-05;#FelizLunes;http://twitter.com/search?q=%23FelizLunes;52004
2020-05-05;#FelizLunes;http://twitter.com/search?q=%23FelizLunes;46065
2020-05-05;#FelizLunes;http://twitter.com/search?q=%23FelizLunes;44032
2020-05-05;#FelizMartes;http://twitter.com/search?q=%23FelizMartes;13041
2020-05-05;#FelizMartes;http://twitter.com/search?q=%23FelizMartes;36684
2020-05-06;#FelizMiercoles;http://twitter.com/search?q=%23FelizMiercoles;14846
2020-05-07;#FelizMiercoles;http://twitter.com/search?q=%23FelizMiercoles;43792
2020-05-07;#FelizMiercoles;http://twitter.com/search?q=%23FelizMiercoles;45583
2020-05-07;#FelizJueves;http://twitter.com/search?q=%23FelizJueves;11841
2020-05-07;#FelizJueves;http://twitter.com/search?q=%23FelizJueves;17479
2020-05-07;#FelizJueves;http://twitter.com/search?q=%23FelizJueves;43127
2020-05-08;#FelizJueves;http://twitter.com/search?q=%23FelizJueves;45748
2020-05-09;#FelizViernesAtodos;http://twitter.com/search?q=%23FelizViernesAtodos;14602
2020-05-09;#FelizViernesAtodos;http://twitter.com/search?q=%23FelizViernesAtodos;14362
2020-05-09;#FelizViernesAtodos;http://twitter.com/search?q=%23FelizViernesAtodos;13880
2020-05-09;#FelizViernesAtodos;http://twitter.com/search?q=%23FelizViernesAtodos;13256
2020-05-09;#FelizSabado;http://twitter.com/search?q=%23FelizSabado;14877
2020-05-10;#FelizSabado;http://twitter.com/search?q=%23FelizSabado;47355
2020-05-10;#FelizSabado;http://twitter.com/search?q=%23FelizSabado;48814
2020-05-10;#FelizDomingo;http://twitter.com/search?q=%23FelizDomingo;10517
2020-05-10;#FelizDomingo;http://twitter.com/search?q=%23FelizDomingo;14873
2020-05-10;#FelizDomingo;http://twitter.com/search?q=%23FelizDomingo;17503
2020-05-11;#FelizLunes;http://twitter.com/search?q=%23FelizLunes;10537
2020-05-11;#FelizLunes;http://twitter.com/search?q=%23FelizLunes;16436
2020-05-11;#FelizLunes;http://twitter.com/search?q=%23FelizLunes;46572
2020-05-12;#FelizMartes;http://twitter.com/search?q=%23FelizMartes;10847
2020-05-12;#FelizMartes;http://twitter.com/search?q=%23FelizMartes;17153
2020-05-13;#FelizMiercoles;http://twitter.com/search?q=%23FelizMiercoles;10929
2020-05-13;#FelizMiercoles;http://twitter.com/search?q=%23FelizMiercoles;15850
2020-05-14;#FelizMiercoles;http://twitter.com/search?q=%23FelizMiercoles;46730
2020-05-14;#FelizMiercoles;http://twitter.com/search?q=%23FelizMiercoles;48179
2020-05-14;#FelizMiercoles;http://twitter.com/search?q=%23FelizMiercoles;48336
2020-05-16;#FelizViernesATodos;http://twitter.com/search?q=%23FelizViernesATodos;12028
2020-05-16;#FelizViernesATodos;http://twitter.com/search?q=%23FelizViernesATodos;12243
2020-05-16;#FelizViernesATodos;http://twitter.com/search?q=%23FelizViernesATodos;12411
2020-05-16;#FelizSabado;http://twitter.com/search?q=%23FelizSabado;16631
2020-05-16;#FelizSabado;http://twitter.com/search?q=%23FelizSabado;43557
2020-05-17;#FelizDomingo;http://twitter.com/search?q=%23FelizDomingo;14182
2020-05-17;#FelizDomingo;http://twitter.com/search?q=%23FelizDomingo;22874
2020-05-18;#FelizLunes;http://twitter.com/search?q=%23FelizLunes;10819
2020-05-18;#FelizLunes;http://twitter.com/search?q=%23FelizLunes;16580
2020-05-18;#FelizLunes;http://twitter.com/search?q=%23FelizLunes;60313
2020-05-19;#FelizLunes;http://twitter.com/search?q=%23FelizLunes;57319
2020-05-19;#FelizMartes;http://twitter.com/search?q=%23FelizMartes;10161
2020-05-19;#FelizMartes;http://twitter.com/search?q=%23FelizMartes;15792
2020-06-04;#FelizJueves;http://twitter.com/search?q=%23FelizJueves;14941
2020-06-06;#FelizSabado;http://twitter.com/search?q=%23FelizSabado;10344
2020-06-06;#FelizSabado;http://twitter.com/search?q=%23FelizSabado;31865
2020-06-06;#FelizSabado;http://twitter.com/search?q=%23FelizSabado;36105
2020-06-06;#FelizSabado;http://twitter.com/search?q=%23FelizSabado;39533
2020-06-07;#FelizSabado;http://twitter.com/search?q=%23FelizSabado;44077
2020-06-07;#Felizdomingo;http://twitter.com/search?q=%23Felizdomingo;11018
2020-06-07;#FelizDomingo;http://twitter.com/search?q=%23FelizDomingo;12691
2020-06-07;#FelizDomingo;http://twitter.com/search?q=%23FelizDomingo;19853
2020-06-07;#FelizDomingo;http://twitter.com/search?q=%23FelizDomingo;33364
2020-06-07;#FelizDomingo;http://twitter.com/search?q=%23FelizDomingo;38810
2020-06-08;#FelizLunes;http://twitter.com/search?q=%23FelizLunes;10192
2020-06-08;#FelizLunes;http://twitter.com/search?q=%23FelizLunes;46750
2020-06-09;#FelizLunes;http://twitter.com/search?q=%23FelizLunes;55668
2020-06-09;#FelizMartes;http://twitter.com/search?q=%23FelizMartes;10116
2020-06-09;#FelizMartes;http://twitter.com/search?q=%23FelizMartes;15635
2020-06-09;#FelizMartes;http://twitter.com/search?q=%23FelizMartes;37104
2020-06-10;#FelizMiercoles;http://twitter.com/search?q=%23FelizMiercoles;12992
2020-06-10;#FelizMiercoles;http://twitter.com/search?q=%23FelizMiercoles;33100
2020-06-11;#FelizJueves;http://twitter.com/search?q=%23FelizJueves;14419
2020-06-13;#FelizSabado;http://twitter.com/search?q=%23FelizSabado;10176
2020-06-13;#FelizSabado;http://twitter.com/search?q=%23FelizSabado;11974
2020-06-14;#FelizSabado;http://twitter.com/search?q=%23FelizSabado;36388
2020-06-14;#FelizDomingo;http://twitter.com/search?q=%23FelizDomingo;10508
2020-06-14;#FelizDomingo;http://twitter.com/search?q=%23FelizDomingo;12986
2020-06-14;#FelizDomingo;http://twitter.com/search?q=%23FelizDomingo;16563
2020-06-15;#FelizDomingo;http://twitter.com/search?q=%23FelizDomingo;45725
2020-06-15;#FelizLunes;http://twitter.com/search?q=%23FelizLunes;18289
2020-06-16;#FelizMartes;http://twitter.com/search?q=%23FelizMartes;10852
2020-06-16;#FelizMartes;http://twitter.com/search?q=%23FelizMartes;17370
2020-06-17;#FelizMartes;http://twitter.com/search?q=%23FelizMartes;50131
2020-06-17;#FelizMiercoles;http://twitter.com/search?q=%23FelizMiercoles;10453
2020-06-18;#FelizMiercoles;http://twitter.com/search?q=%23FelizMiercoles;49191
2020-06-18;#FelizMiercoles;http://twitter.com/search?q=%23FelizMiercoles;47901
2020-06-18;#FelizMiercoles;http://twitter.com/search?q=%23FelizMiercoles;46740
2020-06-18;#FelizJueves;http://twitter.com/search?q=%23FelizJueves;11424
2020-06-20;#FelizSabado;http://twitter.com/search?q=%23FelizSabado;12835
2020-06-20;#FelizSabado;http://twitter.com/search?q=%23FelizSabado;22886
2020-06-21;#FelizDomingo;http://twitter.com/search?q=%23FelizDomingo;13441
2020-06-22;#FelizDomingo;http://twitter.com/search?q=%23FelizDomingo;34066
2020-06-22;#FelizDomingo;http://twitter.com/search?q=%23FelizDomingo;33852
2020-06-22;#FelizDomingo;http://twitter.com/search?q=%23FelizDomingo;32018
2020-06-22;#FelizLunes;http://twitter.com/search?q=%23FelizLunes;10454
2020-06-22;#FelizLunes;http://twitter.com/search?q=%23FelizLunes;16311
2020-06-22;#FelizLunes;http://twitter.com/search?q=%23FelizLunes;25535
2020-06-23;#FelizLunes;http://twitter.com/search?q=%23FelizLunes;56671
2020-06-23;#FelizLunes;http://twitter.com/search?q=%23FelizLunes;56034
2020-06-23;#FelizLunes;http://twitter.com/search?q=%23FelizLunes;54886
2020-06-23;#FelizLunes;http://twitter.com/search?q=%23FelizLunes;53547
2020-06-23;#FelizMartes;http://twitter.com/search?q=%23FelizMartes;10760
2020-06-23;#FelizMartes;http://twitter.com/search?q=%23FelizMartes;17851
2020-06-24;#FelizMartes;http://twitter.com/search?q=%23FelizMartes;48531
2020-06-24;#FelizMiercoles;http://twitter.com/search?q=%23FelizMiercoles;11307
2020-06-25;#FelizMiercoles;http://twitter.com/search?q=%23FelizMiercoles;48752
2020-06-25;#FelizMiercoles;http://twitter.com/search?q=%23FelizMiercoles;48631
2020-06-25;#FelizJueves;http://twitter.com/search?q=%23FelizJueves;11629
2020-06-25;#FelizJueves;http://twitter.com/search?q=%23FelizJueves;19510
2020-06-26;#FelizJueves;http://twitter.com/search?q=%23FelizJueves;50823
2020-06-26;#FelizJueves;http://twitter.com/search?q=%23FelizJueves;51943
2020-06-27;#FelizViernesATodos;http://twitter.com/search?q=%23FelizViernesATodos;19003
2020-06-27;#FelizSabado;http://twitter.com/search?q=%23FelizSabado;22264
2020-06-28;#FelizSabado;http://twitter.com/search?q=%23FelizSabado;41966
2020-06-28;#FelizDomingo;http://twitter.com/search?q=%23FelizDomingo;10461
2020-06-29;#FelizLunes;http://twitter.com/search?q=%23FelizLunes;10613
2020-06-29;#FelizLunes;http://twitter.com/search?q=%23FelizLunes;24067
2020-06-29;#FelizLunes;http://twitter.com/search?q=%23FelizLunes;32625
2020-06-30;#FelizLunes;http://twitter.com/search?q=%23FelizLunes;49791
2020-06-30;#FelizMartes;http://twitter.com/search?q=%23FelizMartes;21088
2020-07-01;#FelizMartes;http://twitter.com/search?q=%23FelizMartes;46146
2020-07-01;#FelizMiercoles;http://twitter.com/search?q=%23FelizMiercoles;18532
2020-07-01;#FelizMiercoles;http://twitter.com/search?q=%23FelizMiercoles;22759
2020-07-01;#FelizMiercoles;http://twitter.com/search?q=%23FelizMiercoles;26529
2020-07-02;#FelizMiercoles;http://twitter.com/search?q=%23FelizMiercoles;47891
2020-07-02;#FelizMiercoles;http://twitter.com/search?q=%23FelizMiercoles;46558
2020-07-02;#FelizJueves;http://twitter.com/search?q=%23FelizJueves;16031
2020-07-02;#FelizJueves;http://twitter.com/search?q=%23FelizJueves;25005
2020-07-04;#FelizSabado;http://twitter.com/search?q=%23FelizSabado;11740
2020-07-05;#FelizDomingo;http://twitter.com/search?q=%23FelizDomingo;14182
2020-07-06;#FelizDomingo;http://twitter.com/search?q=%23FelizDomingo;42512
2020-07-06;#FelizLunes;http://twitter.com/search?q=%23FelizLunes;12292
2020-07-06;#FelizLunes;http://twitter.com/search?q=%23FelizLunes;25201
2020-07-07;#FelizLunes;http://twitter.com/search?q=%23FelizLunes;52669
2020-07-07;#FelizLunes;http://twitter.com/search?q=%23FelizLunes;49473
2020-07-07;#FelizMartes;http://twitter.com/search?q=%23FelizMartes;14848
2020-07-07;#FelizMartes;http://twitter.com/search?q=%23FelizMartes;23012
2020-07-08;#FelizMartes;http://twitter.com/search?q=%23FelizMartes;41524
2020-07-08;#FelizMiercoles;http://twitter.com/search?q=%23FelizMiercoles;13312
2020-07-08;#FelizMiercoles;http://twitter.com/search?q=%23FelizMiercoles;22120
2020-07-09;#FelizJueves;http://twitter.com/search?q=%23FelizJueves;10056
2020-07-09;#FelizJueves;http://twitter.com/search?q=%23FelizJueves;12341
2020-07-09;#FelizJueves;http://twitter.com/search?q=%23FelizJueves;15868
2020-07-09;#FelizJueves;http://twitter.com/search?q=%23FelizJueves;19806
2020-07-09;#FelizJueves;http://twitter.com/search?q=%23FelizJueves;23467
2020-07-09;#FelizJueves;http://twitter.com/search?q=%23FelizJueves;27085
2020-07-10;#FelizJueves;http://twitter.com/search?q=%23FelizJueves;46253
2020-07-10;#FelizJueves;http://twitter.com/search?q=%23FelizJueves;47018
2020-07-10;#FelizJueves;http://twitter.com/search?q=%23FelizJueves;46479
2020-07-10;#FelizJueves;http://twitter.com/search?q=%23FelizJueves;44694
2020-07-11;#FelizSabado;http://twitter.com/search?q=%23FelizSabado;18055
2020-07-12;#FelizSabado;http://twitter.com/search?q=%23FelizSabado;37332
2020-07-12;#FelizSabado;http://twitter.com/search?q=%23FelizSabado;37500
2020-07-12;#FelizSabado;http://twitter.com/search?q=%23FelizSabado;36925
2020-07-12;#FelizSabado;http://twitter.com/search?q=%23FelizSabado;35700
2020-07-12;#FelizSabado;http://twitter.com/search?q=%23FelizSabado;34628
2020-07-12;#FelizSabado;http://twitter.com/search?q=%23FelizSabado;33587
2020-07-12;#FelizDomingo;http://twitter.com/search?q=%23FelizDomingo;13040
2020-07-12;#FelizDomingo;http://twitter.com/search?q=%23FelizDomingo;20068
2020-07-13;#FelizLunes;http://twitter.com/search?q=%23FelizLunes;17245
2020-07-13;#FelizLunes;http://twitter.com/search?q=%23FelizLunes;25932
2020-07-14;#FelizLunes;http://twitter.com/search?q=%23FelizLunes;49337
2020-07-14;#FelizMartes;http://twitter.com/search?q=%23FelizMartes;14017
2020-07-14;#FelizMartes;http://twitter.com/search?q=%23FelizMartes;21908
2020-07-15;#FelizMartes;http://twitter.com/search?q=%23FelizMartes;43985
2020-07-15;#FelizMiercoles;http://twitter.com/search?q=%23FelizMiercoles;15874
2020-07-15;#FelizMiercoles;http://twitter.com/search?q=%23FelizMiercoles;24505
2020-07-15;#FelizMiercoles;http://twitter.com/search?q=%23FelizMiercoles;31062
2020-07-16;#FelizJueves;http://twitter.com/search?q=%23FelizJueves;15982
2020-07-17;#FelizJueves;http://twitter.com/search?q=%23FelizJueves;40644
2020-07-17;#FelizViernesATodos;http://twitter.com/search?q=%23FelizViernesATodos;10730
2020-07-18;#FelizViernesATodos;http://twitter.com/search?q=%23FelizViernesATodos;15184
2020-07-18;#FelizViernesATodos;http://twitter.com/search?q=%23FelizViernesATodos;15451
2020-07-18;#FelizViernesATodos;http://twitter.com/search?q=%23FelizViernesATodos;15492
2020-07-19;#FelizDomingo;http://twitter.com/search?q=%23FelizDomingo;11380
2020-07-19;#FelizDomingo;http://twitter.com/search?q=%23FelizDomingo;18392
2020-07-20;#FelizDomingo;http://twitter.com/search?q=%23FelizDomingo;45890
2020-07-20;#FelizLunes;http://twitter.com/search?q=%23FelizLunes;20111
2020-07-21;#FelizLunes;http://twitter.com/search?q=%23FelizLunes;47839
2020-07-21;#FelizLunes;http://twitter.com/search?q=%23FelizLunes;46640
2020-07-21;#FelizMartes;http://twitter.com/search?q=%23FelizMartes;12606
2020-07-21;#FelizMartes;http://twitter.com/search?q=%23FelizMartes;19768
2020-07-22;#FelizMartes;http://twitter.com/search?q=%23FelizMartes;42740
2020-07-22;#FelizMiercoles;http://twitter.com/search?q=%23FelizMiercoles;12101
2020-07-22;#FelizMiercoles;http://twitter.com/search?q=%23FelizMiercoles;20029
2020-07-23;#FelizMiercoles;http://twitter.com/search?q=%23FelizMiercoles;44158
2020-07-23;#FelizMiercoles;http://twitter.com/search?q=%23FelizMiercoles;44003
2020-07-23;#FelizMiercoles;http://twitter.com/search?q=%23FelizMiercoles;42907
2020-07-23;#FelizMiercoles;http://twitter.com/search?q=%23FelizMiercoles;41477
2020-07-23;#FelizJueves;http://twitter.com/search?q=%23FelizJueves;12544
2020-07-23;#FelizJueves;http://twitter.com/search?q=%23FelizJueves;20305
2020-07-25;#FelizSabado;http://twitter.com/search?q=%23FelizSabado;19287
2020-07-25;#FelizSabado;http://twitter.com/search?q=%23FelizSabado;23059
2020-07-25;#FelizSabado;http://twitter.com/search?q=%23FelizSabado;28712
2020-07-26;#FelizSabado;http://twitter.com/search?q=%23FelizSabado;40945
2020-07-27;#FelizDomingo;http://twitter.com/search?q=%23FelizDomingo;38956
2020-07-27;#FelizLunes;http://twitter.com/search?q=%23FelizLunes;14406
2020-07-27;#FelizLunes;http://twitter.com/search?q=%23FelizLunes;18636
2020-07-28;#FelizLunes;http://twitter.com/search?q=%23FelizLunes;45000
2020-07-28;#FelizLunes;http://twitter.com/search?q=%23FelizLunes;46813
2020-07-28;#FelizMartes;http://twitter.com/search?q=%23FelizMartes;10042
2020-07-28;#FelizMartes;http://twitter.com/search?q=%23FelizMartes;16038
2020-06-03;#FelizMiercoles;http://twitter.com/search?q=%23FelizMiercoles;11175
2020-06-03;#FelizMiercoles;http://twitter.com/search?q=%23FelizMiercoles;11175
2020-06-03;#FelizMiercoles;http://twitter.com/search?q=%23FelizMiercoles;13014
2020-06-03;#FelizMiercoles;http://twitter.com/search?q=%23FelizMiercoles;19485
2020-06-04;#FelizJueves;http://twitter.com/search?q=%23FelizJueves;12095
2020-06-04;#FelizJueves;http://twitter.com/search?q=%23FelizJueves;18838
2020-06-04;#FelizJueves;http://twitter.com/search?q=%23FelizJueves;40814
2020-06-05;#FelizJueves;http://twitter.com/search?q=%23FelizJueves;47070
2020-06-06;#FelizSabado;http://twitter.com/search?q=%23FelizSabado;14083
2020-06-06;#FelizSabado;http://twitter.com/search?q=%23FelizSabado;18070
2020-06-06;#FelizSabado;http://twitter.com/search?q=%23FelizSabado;34203
2020-06-06;#FelizSabado;http://twitter.com/search?q=%23FelizSabado;38047
2020-06-07;#FelizSabado;http://twitter.com/search?q=%23FelizSabado;43170
2020-06-07;#FelizSabado;http://twitter.com/search?q=%23FelizSabado;44760
2020-06-07;#FelizSabado;http://twitter.com/search?q=%23FelizSabado;42408
2020-06-07;#FelizSabado;http://twitter.com/search?q=%23FelizSabado;41269
2020-06-07;#FelizSabado;http://twitter.com/search?q=%23FelizSabado;39509
2020-06-07;#FelizDomingo;http://twitter.com/search?q=%23FelizDomingo;15843
2020-06-07;#FelizDomingo;http://twitter.com/search?q=%23FelizDomingo;30168
2020-06-07;#FelizDomingo;http://twitter.com/search?q=%23FelizDomingo;36283
2020-06-08;#FelizLunes;http://twitter.com/search?q=%23FelizLunes;14854
2020-06-08;#FelizLunes;http://twitter.com/search?q=%23FelizLunes;22384
2020-06-08;#FelizLunes;http://twitter.com/search?q=%23FelizLunes;49251
2020-06-09;#FelizMartes;http://twitter.com/search?q=%23FelizMartes;12420
2020-06-09;#FelizMartes;http://twitter.com/search?q=%23FelizMartes;35032
2020-06-10;#FelizMartes;http://twitter.com/search?q=%23FelizMartes;42454
2020-06-10;#FelizMartes;http://twitter.com/search?q=%23FelizMartes;45775
2020-06-10;#FelizMartes;http://twitter.com/search?q=%23FelizMartes;44703
2020-06-10;#FelizMartes;http://twitter.com/search?q=%23FelizMartes;40796
2020-06-10;#FelizMiercoles;http://twitter.com/search?q=%23FelizMiercoles;10521
2020-06-10;#FelizMiercoles;http://twitter.com/search?q=%23FelizMiercoles;16721
2020-06-10;#FelizMiercoles;http://twitter.com/search?q=%23FelizMiercoles;35552
2020-06-11;#FelizMiercoles;http://twitter.com/search?q=%23FelizMiercoles;45370
2020-06-11;#FelizMiercoles;http://twitter.com/search?q=%23FelizMiercoles;43962
2020-06-11;#FelizMiercoles;http://twitter.com/search?q=%23FelizMiercoles;42713
2020-06-12;#FelizJueves;http://twitter.com/search?q=%23FelizJueves;45009
2020-06-12;#FelizJueves;http://twitter.com/search?q=%23FelizJueves;43546
2020-06-13;#FelizSabado;http://twitter.com/search?q=%23FelizSabado;14573
2020-06-14;#FelizSabado;http://twitter.com/search?q=%23FelizSabado;36580
2020-06-15;#FelizDomingo;http://twitter.com/search?q=%23FelizDomingo;44718
2020-06-15;#FelizDomingo;http://twitter.com/search?q=%23FelizDomingo;46577
2020-06-15;#FelizDomingo;http://twitter.com/search?q=%23FelizDomingo;47333
2020-06-15;#FelizLunes;http://twitter.com/search?q=%23FelizLunes;11620
2020-06-15;#FelizLunes;http://twitter.com/search?q=%23FelizLunes;14513
2020-06-16;#FelizLunes;http://twitter.com/search?q=%23FelizLunes;48163
2020-06-16;#FelizLunes;http://twitter.com/search?q=%23FelizLunes;47037
2020-06-16;#FelizMartes;http://twitter.com/search?q=%23FelizMartes;13911
2020-06-17;#FelizMartes;http://twitter.com/search?q=%23FelizMartes;49161
2020-06-17;#FelizMartes;http://twitter.com/search?q=%23FelizMartes;50807
2020-06-17;#FelizMartes;http://twitter.com/search?q=%23FelizMartes;48164
2020-06-17;#FelizMartes;http://twitter.com/search?q=%23FelizMartes;46790
2020-06-17;#FelizMiercoles;http://twitter.com/search?q=%23FelizMiercoles;16801
2020-06-18;#FelizJueves;http://twitter.com/search?q=%23FelizJueves;14789
2020-06-20;#FelizSabado;http://twitter.com/search?q=%23FelizSabado;15586
2020-06-20;#FelizSabado;http://twitter.com/search?q=%23FelizSabado;26525
2020-06-21;#FelizDomingo;http://twitter.com/search?q=%23FelizDomingo;10881
2020-06-21;#FelizDomingo;http://twitter.com/search?q=%23FelizDomingo;16132
2020-06-22;#FelizDomingo;http://twitter.com/search?q=%23FelizDomingo;33516
2020-06-22;#FelizDomingo;http://twitter.com/search?q=%23FelizDomingo;34177
2020-06-22;#FelizDomingo;http://twitter.com/search?q=%23FelizDomingo;33073
2020-06-22;#FelizLunes;http://twitter.com/search?q=%23FelizLunes;12881
2020-06-22;#FelizLunes;http://twitter.com/search?q=%23FelizLunes;21023
2020-06-23;#FelizMartes;http://twitter.com/search?q=%23FelizMartes;13706
2020-06-24;#FelizMartes;http://twitter.com/search?q=%23FelizMartes;47929
2020-06-24;#FelizMiercoles;http://twitter.com/search?q=%23FelizMiercoles;14569
2020-06-25;#FelizMiercoles;http://twitter.com/search?q=%23FelizMiercoles;48074
2020-06-25;#FelizMiercoles;http://twitter.com/search?q=%23FelizMiercoles;49308
2020-06-25;#FelizMiercoles;http://twitter.com/search?q=%23FelizMiercoles;49326
2020-06-25;#FelizJueves;http://twitter.com/search?q=%23FelizJueves;15617
2020-06-25;#FelizJueves;http://twitter.com/search?q=%23FelizJueves;23382
2020-06-26;#FelizJueves;http://twitter.com/search?q=%23FelizJueves;51496
2020-06-27;#FelizSabado;http://twitter.com/search?q=%23FelizSabado;18655
2020-06-28;#FelizSabado;http://twitter.com/search?q=%23FelizSabado;41309
2020-06-28;#FelizDomingo;http://twitter.com/search?q=%23FelizDomingo;13841
2020-06-29;#FelizLunes;http://twitter.com/search?q=%23FelizLunes;14023
2020-06-29;#FelizLunes;http://twitter.com/search?q=%23FelizLunes;18483
2020-06-29;#FelizLunes;http://twitter.com/search?q=%23FelizLunes;28551
2020-06-30;#FelizMartes;http://twitter.com/search?q=%23FelizMartes;16535
2020-06-30;#FelizMartes;http://twitter.com/search?q=%23FelizMartes;24592
2020-07-01;#FelizMartes;http://twitter.com/search?q=%23FelizMartes;46876
2020-07-01;#FelizMartes;http://twitter.com/search?q=%23FelizMartes;47177
2020-07-01;#FelizMartes;http://twitter.com/search?q=%23FelizMartes;47034
2020-07-01;#FelizMartes;http://twitter.com/search?q=%23FelizMartes;46010
2020-07-01;#FelizMiercoles;http://twitter.com/search?q=%23FelizMiercoles;10894
2020-07-02;#FelizJueves;http://twitter.com/search?q=%23FelizJueves;12066
2020-07-02;#FelizJueves;http://twitter.com/search?q=%23FelizJueves;20744
2020-07-03;#FelizJueves;http://twitter.com/search?q=%23FelizJueves;46990
2020-07-04;#FelizSabado;http://twitter.com/search?q=%23FelizSabado;18726
2020-07-05;#FelizDomingo;http://twitter.com/search?q=%23FelizDomingo;11437
2020-07-06;#FelizDomingo;http://twitter.com/search?q=%23FelizDomingo;41956
2020-07-06;#FelizLunes;http://twitter.com/search?q=%23FelizLunes;10033
2020-07-06;#FelizLunes;http://twitter.com/search?q=%23FelizLunes;15641
2020-07-07;#FelizMartes;http://twitter.com/search?q=%23FelizMartes;11838
2020-07-07;#FelizMartes;http://twitter.com/search?q=%23FelizMartes;19124
2020-07-08;#FelizMartes;http://twitter.com/search?q=%23FelizMartes;44350
2020-07-08;#FelizMartes;http://twitter.com/search?q=%23FelizMartes;44036
2020-07-08;#FelizMiercoles;http://twitter.com/search?q=%23FelizMiercoles;10614
2020-07-08;#FelizMiercoles;http://twitter.com/search?q=%23FelizMiercoles;17786
2020-07-09;#FelizMiercoles;http://twitter.com/search?q=%23FelizMiercoles;46957
2020-07-09;#FelizMiercoles;http://twitter.com/search?q=%23FelizMiercoles;44366
2020-07-10;#FelizJueves;http://twitter.com/search?q=%23FelizJueves;47542
2020-07-10;#FelizJueves;http://twitter.com/search?q=%23FelizJueves;47396
2020-07-11;#FelizSabado;http://twitter.com/search?q=%23FelizSabado;11492
2020-07-11;#FelizSabado;http://twitter.com/search?q=%23FelizSabado;14793
2020-07-12;#FelizSabado;http://twitter.com/search?q=%23FelizSabado;36973
2020-07-12;#FelizDomingo;http://twitter.com/search?q=%23FelizDomingo;10426
2020-07-12;#FelizDomingo;http://twitter.com/search?q=%23FelizDomingo;16381
2020-07-13;#FelizLunes;http://twitter.com/search?q=%23FelizLunes;13075
2020-07-13;#FelizLunes;http://twitter.com/search?q=%23FelizLunes;21455
2020-07-14;#FelizLunes;http://twitter.com/search?q=%23FelizLunes;48326
2020-07-14;#FelizLunes;http://twitter.com/search?q=%23FelizLunes;50056
2020-07-14;#FelizMartes;http://twitter.com/search?q=%23FelizMartes;11253
2020-07-14;#FelizMartes;http://twitter.com/search?q=%23FelizMartes;17970
2020-07-14;#FelizMartes;http://twitter.com/search?q=%23FelizMartes;25405
2020-07-15;#FelizMartes;http://twitter.com/search?q=%23FelizMartes;44671
2020-07-15;#FelizMiercoles;http://twitter.com/search?q=%23FelizMiercoles;12093
2020-07-15;#FelizMiercoles;http://twitter.com/search?q=%23FelizMiercoles;20448
2020-07-15;#FelizMiercoles;http://twitter.com/search?q=%23FelizMiercoles;27772
2020-07-16;#FelizMiercoles;http://twitter.com/search?q=%23FelizMiercoles;44364
2020-07-16;#FelizJueves;http://twitter.com/search?q=%23FelizJueves;12640
2020-07-16;#FelizJueves;http://twitter.com/search?q=%23FelizJueves;19755
2020-07-17;#FelizJueves;http://twitter.com/search?q=%23FelizJueves;40911
2020-07-18;#FelizViernesATodos;http://twitter.com/search?q=%23FelizViernesATodos;15555
2020-07-18;#FelizViernesATodos;http://twitter.com/search?q=%23FelizViernesATodos;15334
2020-07-18;#FelizSabado;http://twitter.com/search?q=%23FelizSabado;10456
2020-07-18;#FelizSabado;http://twitter.com/search?q=%23FelizSabado;14230
2020-07-18;#FelizSabado;http://twitter.com/search?q=%23FelizSabado;18036
2020-07-18;#FelizSabado;http://twitter.com/search?q=%23FelizSabado;21980
2020-07-18;#FelizSabado;http://twitter.com/search?q=%23FelizSabado;24900
2020-07-18;#FelizSabado;http://twitter.com/search?q=%23FelizSabado;27988
2020-07-19;#FelizSabado;http://twitter.com/search?q=%23FelizSabado;44604
2020-07-19;#FelizSabado;http://twitter.com/search?q=%23FelizSabado;45589
2020-07-19;#FelizSabado;http://twitter.com/search?q=%23FelizSabado;46368
2020-07-19;#FelizDomingo;http://twitter.com/search?q=%23FelizDomingo;14490
2020-07-20;#FelizDomingo;http://twitter.com/search?q=%23FelizDomingo;45296
2020-07-20;#FelizDomingo;http://twitter.com/search?q=%23FelizDomingo;45605
2020-07-20;#FelizLunes;http://twitter.com/search?q=%23FelizLunes;11956
2020-07-20;#FelizLunes;http://twitter.com/search?q=%23FelizLunes;15661
2020-07-20;#FelizLunes;http://twitter.com/search?q=%23FelizLunes;23981
2020-07-21;#FelizLunes;http://twitter.com/search?q=%23FelizLunes;48644
2020-07-21;#FelizLunes;http://twitter.com/search?q=%23FelizLunes;44100
2020-07-21;#FelizMartes;http://twitter.com/search?q=%23FelizMartes;16240
2020-07-21;#FelizMartes;http://twitter.com/search?q=%23FelizMartes;23166
2020-07-22;#FelizMartes;http://twitter.com/search?q=%23FelizMartes;43069
2020-07-22;#FelizMartes;http://twitter.com/search?q=%23FelizMartes;42858
2020-07-22;#FelizMartes;http://twitter.com/search?q=%23FelizMartes;41988
2020-07-22;#FelizMartes;http://twitter.com/search?q=%23FelizMartes;40830
2020-07-22;#FelizMartes;http://twitter.com/search?q=%23FelizMartes;39549
2020-07-22;#FelizMartes;http://twitter.com/search?q=%23FelizMartes;38609
2020-07-22;#FelizMiercoles;http://twitter.com/search?q=%23FelizMiercoles;15824
2020-07-22;#FelizMiercoles;http://twitter.com/search?q=%23FelizMiercoles;24215
2020-07-23;#FelizMiercoles;http://twitter.com/search?q=%23FelizMiercoles;44344
2020-07-23;#FelizJueves;http://twitter.com/search?q=%23FelizJueves;16351
2020-07-23;#FelizJueves;http://twitter.com/search?q=%23FelizJueves;24108
2020-07-25;#FelizSabado;http://twitter.com/search?q=%23FelizSabado;11567
2020-07-25;#FelizSabado;http://twitter.com/search?q=%23FelizSabado;15076
2020-07-25;#FelizSabado;http://twitter.com/search?q=%23FelizSabado;26099
2020-07-26;#FelizSabado;http://twitter.com/search?q=%23FelizSabado;40413
2020-07-26;#FelizSabado;http://twitter.com/search?q=%23FelizSabado;41308
2020-07-26;#FelizSabado;http://twitter.com/search?q=%23FelizSabado;41365
2020-07-26;#FelizSabado;http://twitter.com/search?q=%23FelizSabado;41011
2020-07-26;#FelizSabado;http://twitter.com/search?q=%23FelizSabado;40098
2020-07-26;#FelizDomingo;http://twitter.com/search?q=%23FelizDomingo;10806
2020-07-27;#FelizDomingo;http://twitter.com/search?q=%23FelizDomingo;38638
2020-07-27;#FelizDomingo;http://twitter.com/search?q=%23FelizDomingo;33841
2020-07-27;#FelizLunes;http://twitter.com/search?q=%23FelizLunes;10900
2020-07-27;#FelizLunes;http://twitter.com/search?q=%23FelizLunes;23341
2020-07-28;#FelizLunes;http://twitter.com/search?q=%23FelizLunes;45928
2020-07-28;#FelizMartes;http://twitter.com/search?q=%23FelizMartes;12652
2020-07-28;#FelizMartes;http://twitter.com/search?q=%23FelizMartes;19609
2020-07-29;#FelizMartes;http://twitter.com/search?q=%23FelizMartes;41752
2020-09-23;#FelizMiercoles;http://twitter.com/search?q=%23FelizMiercoles;40802
2020-09-24;#FelizMiercoles;http://twitter.com/search?q=%23FelizMiercoles;47771
2020-09-24;#FelizJueves;http://twitter.com/search?q=%23FelizJueves;10230
2020-09-24;#FelizJueves;http://twitter.com/search?q=%23FelizJueves;29726
2020-09-24;#FelizJueves;http://twitter.com/search?q=%23FelizJueves;32959
2020-09-24;#FelizJueves;http://twitter.com/search?q=%23FelizJueves;36004
2020-09-25;#FelizJueves;http://twitter.com/search?q=%23FelizJueves;48745
2020-09-25;#FelizJueves;http://twitter.com/search?q=%23FelizJueves;50599
2020-09-25;#FelizJueves;http://twitter.com/search?q=%23FelizJueves;51263
2020-09-26;#FelizSabado;http://twitter.com/search?q=%23FelizSabado;22479
2020-09-27;#FelizSabado;http://twitter.com/search?q=%23FelizSabado;46002
2020-09-27;#FelizDomingo;http://twitter.com/search?q=%23FelizDomingo;13162
2020-09-27;#FelizDomingo;http://twitter.com/search?q=%23FelizDomingo;21419
2020-09-28;#FelizLunes;http://twitter.com/search?q=%23FelizLunes;11078
2020-09-28;#FelizLunes;http://twitter.com/search?q=%23FelizLunes;28209
2020-09-28;#FelizLunes;http://twitter.com/search?q=%23FelizLunes;32497
2020-09-28;#FelizLunes;http://twitter.com/search?q=%23FelizLunes;39202
2020-09-29;#FelizMartes;http://twitter.com/search?q=%23FelizMartes;11037
2020-09-29;#FelizMartes;http://twitter.com/search?q=%23FelizMartes;14483
2020-09-29;#FelizMartes;http://twitter.com/search?q=%23FelizMartes;18959
2020-09-29;#FelizMartes;http://twitter.com/search?q=%23FelizMartes;30397
2020-09-30;#FelizMartes;http://twitter.com/search?q=%23FelizMartes;41415
2020-09-30;#FelizMartes;http://twitter.com/search?q=%23FelizMartes;39092
2020-09-30;#FelizMartes;http://twitter.com/search?q=%23FelizMartes;36797
2020-09-30;#FelizMartes;http://twitter.com/search?q=%23FelizMartes;33382
2020-09-30;#FelizMiercoles;http://twitter.com/search?q=%23FelizMiercoles;24663
2020-10-01;#FelizJueves;http://twitter.com/search?q=%23FelizJueves;11363
2020-10-01;#FelizJueves;http://twitter.com/search?q=%23FelizJueves;17920
2020-10-02;#FelizJueves;http://twitter.com/search?q=%23FelizJueves;34589
2020-10-03;#FelizSabado;http://twitter.com/search?q=%23FelizSabado;11055
2020-10-03;#FelizSabado;http://twitter.com/search?q=%23FelizSabado;14215
2020-10-04;#FelizSabado;http://twitter.com/search?q=%23FelizSabado;36813
2020-10-05;#FelizLunes;http://twitter.com/search?q=%23FelizLunes;10494
2020-10-05;#FelizLunes;http://twitter.com/search?q=%23FelizLunes;17308
2020-10-05;#FelizLunes;http://twitter.com/search?q=%23FelizLunes;24782
2020-10-06;#FelizLunes;http://twitter.com/search?q=%23FelizLunes;40412
2020-10-06;#FelizLunes;http://twitter.com/search?q=%23FelizLunes;38877
2020-10-06;#FelizMartes;http://twitter.com/search?q=%23FelizMartes;14740
2020-10-06;#FelizMartes;http://twitter.com/search?q=%23FelizMartes;18236
2020-10-06;#FelizMartes;http://twitter.com/search?q=%23FelizMartes;31204
2020-10-06;#FelizMartes;http://twitter.com/search?q=%23FelizMartes;35375
2020-10-06;#FelizMartes;http://twitter.com/search?q=%23FelizMartes;38071
2020-10-07;#FelizMiercoles;http://twitter.com/search?q=%23FelizMiercoles;12202
2020-10-07;#FelizMiercoles;http://twitter.com/search?q=%23FelizMiercoles;18915
2020-10-07;#FelizMiercoles;http://twitter.com/search?q=%23FelizMiercoles;21997
2020-10-07;#FelizMiercoles;http://twitter.com/search?q=%23FelizMiercoles;24898
2020-10-07;#FelizMiercoles;http://twitter.com/search?q=%23FelizMiercoles;28935
2020-10-08;#FelizMiercoles;http://twitter.com/search?q=%23FelizMiercoles;37453
2020-10-08;#FelizMiercoles;http://twitter.com/search?q=%23FelizMiercoles;38075
2020-10-08;#FelizMiercoles;http://twitter.com/search?q=%23FelizMiercoles;37573
2020-10-08;#FelizMiercoles;http://twitter.com/search?q=%23FelizMiercoles;36224
2020-10-08;#FelizJueves;http://twitter.com/search?q=%23FelizJueves;10520
2020-10-08;#FelizJueves;http://twitter.com/search?q=%23FelizJueves;16279
2020-10-08;#FelizJueves;http://twitter.com/search?q=%23FelizJueves;25525
2020-10-08;#FelizJueves;http://twitter.com/search?q=%23FelizJueves;35641
2020-10-12;#FelizMartes;http://twitter.com/search?q=%23FelizMartes;13973
2020-10-13;#FelizMiercoles;http://twitter.com/search?q=%23FelizMiercoles;13176
2020-10-16;#FelizSabado;http://twitter.com/search?q=%23FelizSabado;10504
2020-10-17;#FelizDomingo;http://twitter.com/search?q=%23FelizDomingo;12128
2020-10-17;#FelizLunes;http://twitter.com/search?q=%23FelizLunes;14961
2020-10-24;#FelizLunes;http://twitter.com/search?q=%23FelizLunes;14614
2020-10-26;#FelizMartes;http://twitter.com/search?q=%23FelizMartes;10652
2020-10-27;#FelizMiercoles;http://twitter.com/search?q=%23FelizMiercoles;12099
2020-10-28;#FelizJueves;http://twitter.com/search?q=%23FelizJueves;11241
2020-11-01;#FelizLunes;http://twitter.com/search?q=%23FelizLunes;12908
2020-10-27;#FelizMiercoles;http://twitter.com/search?q=%23FelizMiercoles;13837
2020-11-03;#FelizJueves;http://twitter.com/search?q=%23FelizJueves;14110
2020-11-06;#FelizSabado;http://twitter.com/search?q=%23FelizSabado;15945
2020-11-07;#FelizDomingo;http://twitter.com/search?q=%23FelizDomingo;13533
2020-11-07;#FelizLunes;http://twitter.com/search?q=%23FelizLunes;11362
2020-11-07;#FelizLunes;http://twitter.com/search?q=%23FelizLunes;14750
2020-11-10;#FelizMiercoles;http://twitter.com/search?q=%23FelizMiercoles;11266
2020-11-14;#FelizDomingo;http://twitter.com/search?q=%23FelizDomingo;10696
2020-11-15;#FelizLunes;http://twitter.com/search?q=%23FelizLunes;12560
2020-11-17;#FelizMiercoles;http://twitter.com/search?q=%23FelizMiercoles;11173
2020-11-20;#FelizSabado;http://twitter.com/search?q=%23FelizSabado;10080
2020-11-24;#FelizJueves;http://twitter.com/search?q=%23FelizJueves;11706
2020-11-27;#FelizSabado;http://twitter.com/search?q=%23FelizSabado;11434
2020-11-27;#FelizDomingo;http://twitter.com/search?q=%23FelizDomingo;10499
2020-11-29;#FelizLunes;http://twitter.com/search?q=%23FelizLunes;10595
2020-11-30;#FelizLunes;http://twitter.com/search?q=%23FelizLunes;13298
2020-12-05;#FelizDomingo;http://twitter.com/search?q=%23FelizDomingo;13711
2020-12-05;#FelizLunes;http://twitter.com/search?q=%23FelizLunes;11227
2020-12-05;#FelizLunes;http://twitter.com/search?q=%23FelizLunes;14528
2020-12-05;#FelizLunes;http://twitter.com/search?q=%23FelizLunes;17745
2020-12-07;#FelizMartes;http://twitter.com/search?q=%23FelizMartes;16892
2020-12-08;#FelizMiercoles;http://twitter.com/search?q=%23FelizMiercoles;15071
2020-12-12;#FelizDomingo;http://twitter.com/search?q=%23FelizDomingo;11415
2020-12-16;#FelizJueves;http://twitter.com/search?q=%23FelizJueves;23355
2020-12-17;#FelizSabado;http://twitter.com/search?q=%23FelizSabado;10903
2020-12-19;#FelizDomingo;http://twitter.com/search?q=%23FelizDomingo;15044
2020-12-19;#FelizDomingo;http://twitter.com/search?q=%23FelizDomingo;22029
2020-12-21;#FelizMiercoles;http://twitter.com/search?q=%23FelizMiercoles;13618
2020-12-26;#FelizDomingo;http://twitter.com/search?q=%23FelizDomingo;10023
2020-12-26;#FelizLunes;http://twitter.com/search?q=%23FelizLunes;10406
2020-12-27;#FelizLunes;http://twitter.com/search?q=%23FelizLunes;13088
2021-01-06;#FelizJueves;http://twitter.com/search?q=%23FelizJueves;14889
2021-01-07;#FelizDomingo;http://twitter.com/search?q=%23FelizDomingo;21109
2021-01-09;#FelizLunes;http://twitter.com/search?q=%23FelizLunes;13181
2021-01-09;#FelizLunes;http://twitter.com/search?q=%23FelizLunes;16996
2021-01-11;#FelizMartes;http://twitter.com/search?q=%23FelizMartes;11660
2021-01-12;#FelizMiercoles;http://twitter.com/search?q=%23FelizMiercoles;10439
2021-01-13;#FelizJueves;http://twitter.com/search?q=%23FelizJueves;11326
2021-01-15;#FelizSabado;http://twitter.com/search?q=%23FelizSabado;11899
2021-01-16;#FelizDomingo;http://twitter.com/search?q=%23FelizDomingo;14960
2021-01-17;#FelizLunes;http://twitter.com/search?q=%23FelizLunes;19545
2021-01-17;#FelizLunes;http://twitter.com/search?q=%23FelizLunes;28633
2021-01-17;#FelizLunes;http://twitter.com/search?q=%23FelizLunes;35822
2021-01-19;#FelizMiercoles;http://twitter.com/search?q=%23FelizMiercoles;14487
2021-01-19;#FelizMiercoles;http://twitter.com/search?q=%23FelizMiercoles;22476
2021-01-23;#FelizDomingo;http://twitter.com/search?q=%23FelizDomingo;12115
2021-01-24;#FelizLunes;http://twitter.com/search?q=%23FelizLunes;10545
2021-01-24;#FelizLunes;http://twitter.com/search?q=%23FelizLunes;13662
2021-01-25;#FelizMartes;http://twitter.com/search?q=%23FelizMartes;17169
2021-01-26;#FelizMiercoles;http://twitter.com/search?q=%23FelizMiercoles;12640
2021-01-26;#FelizMiercoles;http://twitter.com/search?q=%23FelizMiercoles;19622
2021-01-26;#FelizJueves;http://twitter.com/search?q=%23FelizJueves;15708
2021-01-29;#FelizSabado;http://twitter.com/search?q=%23FelizSabado;12105
2021-01-29;#FelizSabado;http://twitter.com/search?q=%23FelizSabado;15006
2021-01-29;#FelizDomingo;http://twitter.com/search?q=%23FelizDomingo;10366
2021-01-30;#FelizDomingo;http://twitter.com/search?q=%23FelizDomingo;16159
2021-01-31;#FelizLunes;http://twitter.com/search?q=%23FelizLunes;10702
2021-01-31;#FelizLunes;http://twitter.com/search?q=%23FelizLunes;14137
2021-02-10;#FelizSabado;http://twitter.com/search?q=%23FelizSabado;16856
2021-02-07;#FelizDomingo;http://twitter.com/search?q=%23FelizDomingo;11238
2021-02-24;#FelizJueves;http://twitter.com/search?q=%23FelizJueves;10436
2021-02-24;#FelizJueves;http://twitter.com/search?q=%23FelizJueves;10511
2021-02-24;#FelizJueves;http://twitter.com/search?q=%23FelizJueves;10638
2021-02-24;#FelizJueves;http://twitter.com/search?q=%23FelizJueves;10794
2021-02-24;#FelizJueves;http://twitter.com/search?q=%23FelizJueves;10880
2021-02-24;#FelizJueves;http://twitter.com/search?q=%23FelizJueves;10978
2021-03-06;#FelizDomingo;http://twitter.com/search?q=%23FelizDomingo;20980
2021-03-12;#FelizSabado;http://twitter.com/search?q=%23FelizSabado;16701
2021-04-04;#FelizLunes;http://twitter.com/search?q=%23FelizLunes;17492
2021-04-10;#FelizDomingo;http://twitter.com/search?q=%23FelizDomingo;15640
2021-05-29;#FelizDomingo;http://twitter.com/search?q=%23FelizDomingo;12080
2021-06-11;#FelizSabado;http://twitter.com/search?q=%23FelizSabado;10958