Fecha;Column 3;Column 4;Número
2020-06-03;#FelizMiercoles;http://twitter.com/search?q=%23FelizMiercoles;19485
2020-06-04;#FelizJueves;http://twitter.com/search?q=%23FelizJueves;12095
2020-06-04;#FelizJueves;http://twitter.com/search?q=%23FelizJueves;14941
2020-06-04;#FelizJueves;http://twitter.com/search?q=%23FelizJueves;18838
2020-06-04;#FelizJueves;http://twitter.com/search?q=%23FelizJueves;40814
2020-06-05;#FelizJueves;http://twitter.com/search?q=%23FelizJueves;47070
2020-06-06;#FelizSabado;http://twitter.com/search?q=%23FelizSabado;10344
2020-06-06;#FelizSabado;http://twitter.com/search?q=%23FelizSabado;14083
2020-06-06;#FelizSabado;http://twitter.com/search?q=%22Feliz+S%C3%A1bado%22;10243
2020-06-06;#FelizSabado;http://twitter.com/search?q=%23FelizSabado;18070
2020-06-06;#FelizSabado;http://twitter.com/search?q=%23FelizSabado;31865
2020-06-06;#FelizSabado;http://twitter.com/search?q=%23FelizSabado;34203
2020-06-06;#FelizSabado;http://twitter.com/search?q=%23FelizSabado;36105
2020-06-06;#FelizSabado;http://twitter.com/search?q=%23FelizSabado;38047
2020-06-06;#FelizSabado;http://twitter.com/search?q=%23FelizSabado;39533
2020-06-07;#FelizSabado;http://twitter.com/search?q=%23FelizSabado;43170
2020-06-07;#FelizSabado;http://twitter.com/search?q=%23FelizSabado;44077
2020-06-07;#FelizSabado;http://twitter.com/search?q=%23FelizSabado;44760
2020-06-07;#FelizSabado;http://twitter.com/search?q=%23FelizSabado;42408
2020-06-07;#FelizSabado;http://twitter.com/search?q=%23FelizSabado;41269
2020-06-07;#FelizDomingo;http://twitter.com/search?q=%23Felizdomingo;11018
2020-06-07;#FelizSabado;http://twitter.com/search?q=%23FelizSabado;39509
2020-06-07;#FelizDomingo;http://twitter.com/search?q=%23FelizDomingo;12691
2020-06-07;#FelizDomingo;http://twitter.com/search?q=%23FelizDomingo;15843
2020-06-07;#FelizDomingo;http://twitter.com/search?q=%23FelizDomingo;19853
2020-06-07;#FelizDomingo;http://twitter.com/search?q=%23FelizDomingo;30168
2020-06-07;#FelizDomingo;http://twitter.com/search?q=%23FelizDomingo;33364
2020-06-07;#FelizDomingo;http://twitter.com/search?q=%23FelizDomingo;36283
2020-06-07;#FelizDomingo;http://twitter.com/search?q=%23FelizDomingo;38810
2020-06-08;#FelizLunes;http://twitter.com/search?q=%23FelizLunes;10192
2020-06-08;#FelizLunes;http://twitter.com/search?q=%23FelizLunes;14854
2020-06-08;#FelizLunes;http://twitter.com/search?q=%23FelizLunes;22384
2020-06-08;#FelizLunes;http://twitter.com/search?q=%23FelizLunes;46750
2020-06-08;#FelizLunes;http://twitter.com/search?q=%23FelizLunes;49251
2020-06-09;#FelizLunes;http://twitter.com/search?q=%23FelizLunes;55668
2020-06-09;#FelizMartes;http://twitter.com/search?q=%23FelizMartes;10116
2020-06-09;#FelizMartes;http://twitter.com/search?q=%23FelizMartes;12420
2020-06-09;#FelizMartes;http://twitter.com/search?q=%23FelizMartes;15635
2020-06-09;#FelizMartes;http://twitter.com/search?q=%23FelizMartes;35032
2020-06-09;#FelizMartes;http://twitter.com/search?q=%23FelizMartes;37104
2020-06-10;#FelizMartes;http://twitter.com/search?q=%23FelizMartes;42454
2020-06-10;#FelizMartes;http://twitter.com/search?q=%23FelizMartes;45775
2020-06-10;#FelizMartes;http://twitter.com/search?q=%23FelizMartes;44703
2020-06-10;#FelizMartes;http://twitter.com/search?q=%23FelizMartes;40796
2020-06-10;#FelizMiercoles;http://twitter.com/search?q=%23FelizMiercoles;10521
2020-06-10;#FelizMiercoles;http://twitter.com/search?q=%23FelizMiercoles;12992
2020-06-10;#FelizMiercoles;http://twitter.com/search?q=%23FelizMiercoles;16721
2020-06-10;#FelizMiercoles;http://twitter.com/search?q=%23FelizMiercoles;33100
2020-06-10;#FelizMiercoles;http://twitter.com/search?q=%23FelizMiercoles;35552
2020-06-11;#FelizMiercoles;http://twitter.com/search?q=%23FelizMiercoles;45370
2020-06-11;#FelizMiercoles;http://twitter.com/search?q=%23FelizMiercoles;43962
2020-06-11;#FelizMiercoles;http://twitter.com/search?q=%23FelizMiercoles;42713
2020-06-11;#FelizJueves;http://twitter.com/search?q=%23FelizJueves;14419
2020-06-11;Felipe González;http://twitter.com/search?q=%22Felipe+Gonz%C3%A1lez%22;12938
2020-06-11;Felipe González;http://twitter.com/search?q=%22Felipe+Gonz%C3%A1lez%22;16235
2020-06-11;Felipe González;http://twitter.com/search?q=%22Felipe+Gonz%C3%A1lez%22;19344
2020-06-11;Felipe González;http://twitter.com/search?q=%22Felipe+Gonz%C3%A1lez%22;21809
2020-06-12;Felipe González;http://twitter.com/search?q=%22Felipe+Gonz%C3%A1lez%22;43289
2020-06-12;Felipe González;http://twitter.com/search?q=%22Felipe+Gonz%C3%A1lez%22;43936
2020-06-12;Felipe González;http://twitter.com/search?q=%22Felipe+Gonz%C3%A1lez%22;44764
2020-06-12;#FelizJueves;http://twitter.com/search?q=%23FelizJueves;45009
2020-06-12;Felipe González;http://twitter.com/search?q=%22Felipe+Gonz%C3%A1lez%22;45742
2020-06-12;#FelizJueves;http://twitter.com/search?q=%23FelizJueves;43546
2020-06-12;Felipe González;http://twitter.com/search?q=%22Felipe+Gonz%C3%A1lez%22;46978
2020-06-12;Felipe González;http://twitter.com/search?q=%22Felipe+Gonz%C3%A1lez%22;47549
2020-06-13;Felipe González;http://twitter.com/search?q=%22Felipe+Gonz%C3%A1lez%22;22811
2020-06-13;Felipe González;http://twitter.com/search?q=%22Felipe+Gonz%C3%A1lez%22;21487
2020-06-13;Felipe González;http://twitter.com/search?q=%22Felipe+Gonz%C3%A1lez%22;20759
2020-06-13;Felipe González;http://twitter.com/search?q=%22Felipe+Gonz%C3%A1lez%22;19915
2020-06-13;Felipe González;http://twitter.com/search?q=%22Felipe+Gonz%C3%A1lez%22;19122
2020-06-13;#FelizSabado;http://twitter.com/search?q=%23FelizSabado;10176
2020-06-13;Felipe González;http://twitter.com/search?q=%22Felipe+Gonz%C3%A1lez%22;18423
2020-06-13;#FelizSabado;http://twitter.com/search?q=%23FelizSabado;11974
2020-06-13;#FelizSabado;http://twitter.com/search?q=%23FelizSabado;14573
2020-06-13;#FelizSabado;http://twitter.com/search?q=%23FelizS%C3%A1bado;18692
2020-06-14;#FelizSabado;http://twitter.com/search?q=%23FelizSabado;36388
2020-06-14;#FelizSabado;http://twitter.com/search?q=%23FelizSabado;36580
2020-06-14;#FelizDomingo;http://twitter.com/search?q=%23FelizDomingo;10508
2020-06-14;#FelizDomingo;http://twitter.com/search?q=%23FelizDomingo;12986
2020-06-14;#FelizDomingo;http://twitter.com/search?q=%23FelizDomingo;16563
2020-06-15;#FelizDomingo;http://twitter.com/search?q=%23FelizDomingo;44718
2020-06-15;#FelizDomingo;http://twitter.com/search?q=%23FelizDomingo;45725
2020-06-15;#FelizDomingo;http://twitter.com/search?q=%23FelizDomingo;46577
2020-06-15;#FelizDomingo;http://twitter.com/search?q=%23FelizDomingo;47333
2020-06-15;#FelizLunes;http://twitter.com/search?q=%23FelizLunes;11620
2020-06-15;#FelizLunes;http://twitter.com/search?q=%23FelizLunes;14513
2020-06-15;#FelizLunes;http://twitter.com/search?q=%23FelizLunes;18289
2020-06-16;Felipe González;http://twitter.com/search?q=%22Felipe+Gonz%C3%A1lez%22;96178
2020-06-16;Felipe González;http://twitter.com/search?q=%22Felipe+Gonz%C3%A1lez%22;95862
2020-06-16;Felipe González;http://twitter.com/search?q=%22Felipe+Gonz%C3%A1lez%22;95081
2020-06-16;Felipe González;http://twitter.com/search?q=%22Felipe+Gonz%C3%A1lez%22;92990
2020-06-16;Felipe González;http://twitter.com/search?q=%22Felipe+Gonz%C3%A1lez%22;89733
2020-06-16;Felipe González;http://twitter.com/search?q=%22Felipe+Gonz%C3%A1lez%22;86206
2020-06-16;Felipe González;http://twitter.com/search?q=%22Felipe+Gonz%C3%A1lez%22;82819
2020-06-16;#FelizLunes;http://twitter.com/search?q=%23FelizLunes;48163
2020-06-16;#FelizLunes;http://twitter.com/search?q=%23FelizLunes;47037
2020-06-16;#FelizMartes;http://twitter.com/search?q=%23FelizMartes;10852
2020-06-16;#FelizMartes;http://twitter.com/search?q=%23FelizMartes;13911
2020-06-16;#FelizMartes;http://twitter.com/search?q=%23FelizMartes;17370
2020-06-17;#FelizMartes;http://twitter.com/search?q=%23FelizMartes;49161
2020-06-17;#FelizMartes;http://twitter.com/search?q=%23FelizMartes;50131
2020-06-17;#FelizMartes;http://twitter.com/search?q=%23FelizMartes;50807
2020-06-17;#FelizMartes;http://twitter.com/search?q=%23FelizMartes;48164
2020-06-17;#FelizMartes;http://twitter.com/search?q=%23FelizMartes;46790
2020-06-17;#FelizMiercoles;http://twitter.com/search?q=%23FelizMiercoles;10453
2020-06-17;#FelizMiercoles;http://twitter.com/search?q=%23FelizMiercoles;16801
2020-06-18;#FelizMiercoles;http://twitter.com/search?q=%23FelizMiercoles;49191
2020-06-18;#FelizMiercoles;http://twitter.com/search?q=%23FelizMiercoles;47901
2020-06-18;#FelizMiercoles;http://twitter.com/search?q=%23FelizMiercoles;46740
2020-06-18;#FelizJueves;http://twitter.com/search?q=%23FelizJueves;11424
2020-06-18;#FelizJueves;http://twitter.com/search?q=%23FelizJueves;14789
2020-06-19;Felipe VI;http://twitter.com/search?q=%22Felipe+VI%22;10645
2020-06-19;Felipe VI;http://twitter.com/search?q=%22Felipe+VI%22;12414
2020-06-19;Felipe VI;http://twitter.com/search?q=%22Felipe+VI%22;13945
2020-06-19;Felipe VI;http://twitter.com/search?q=%22Felipe+VI%22;15484
2020-06-19;Felipe VI;http://twitter.com/search?q=%22Felipe+VI%22;17642
2020-06-19;Felipe VI;http://twitter.com/search?q=%22Felipe+VI%22;22866
2020-06-20;Felipe VI;http://twitter.com/search?q=%22Felipe+VI%22;35201
2020-06-20;Felipe VI;http://twitter.com/search?q=%22Felipe+VI%22;34751
2020-06-20;Felipe VI;http://twitter.com/search?q=%22Felipe+VI%22;34151
2020-06-20;#FelizSabado;http://twitter.com/search?q=%23FelizSabado;12835
2020-06-20;#FelizSabado;http://twitter.com/search?q=%23FelizSabado;15586
2020-06-20;#FelizSabado;http://twitter.com/search?q=%23FelizSabado;22886
2020-06-20;#FelizSabado;http://twitter.com/search?q=%23FelizSabado;26525
2020-06-21;#FelizDomingo;http://twitter.com/search?q=%23FelizDomingo;10881
2020-06-21;#FelizDomingo;http://twitter.com/search?q=%23FelizDomingo;13441
2020-06-21;#FelizDomingo;http://twitter.com/search?q=%23FelizDomingo;16132
2020-06-21;#FelizDiaDelPadre;http://twitter.com/search?q=%23FelizDiaDelPadre;95421
2020-06-21;Felipe y Letizia;http://twitter.com/search?q=%22Felipe+y+Letizia%22;15743
2020-06-21;Felipe y Letizia;http://twitter.com/search?q=%22Felipe+y+Letizia%22;18562
2020-06-22;#FelizDomingo;http://twitter.com/search?q=%23FelizDomingo;33516
2020-06-22;#FelizDomingo;http://twitter.com/search?q=%23FelizDomingo;34066
2020-06-22;Felipe y Letizia;http://twitter.com/search?q=%22Felipe+y+Letizia%22;24297
2020-06-22;#FelizDomingo;http://twitter.com/search?q=%23FelizDomingo;34177
2020-06-22;Felipe y Letizia;http://twitter.com/search?q=%22Felipe+y+Letizia%22;24776
2020-06-22;#FelizDomingo;http://twitter.com/search?q=%23FelizDomingo;33852
2020-06-22;Felipe y Letizia;http://twitter.com/search?q=%22Felipe+y+Letizia%22;25700
2020-06-22;#FelizDomingo;http://twitter.com/search?q=%23FelizDomingo;33073
2020-06-22;Felipe y Letizia;http://twitter.com/search?q=%22Felipe+y+Letizia%22;26369
2020-06-22;#FelizDomingo;http://twitter.com/search?q=%23FelizDomingo;32018
2020-06-22;Felipe y Letizia;http://twitter.com/search?q=%22Felipe+y+Letizia%22;26531
2020-06-22;#FelizLunes;http://twitter.com/search?q=%23FelizLunes;10454
2020-06-22;#FelizLunes;http://twitter.com/search?q=%23FelizLunes;12881
2020-06-22;#FelizLunes;http://twitter.com/search?q=%23FelizLunes;16311
2020-06-22;#FelizLunes;http://twitter.com/search?q=%23FelizLunes;21023
2020-06-22;#FelizLunes;http://twitter.com/search?q=%23FelizLunes;25535
2020-06-23;#FelizLunes;http://twitter.com/search?q=%23FelizLunes;56671
2020-06-23;#FelizLunes;http://twitter.com/search?q=%23FelizLunes;56034
2020-06-23;#FelizLunes;http://twitter.com/search?q=%23FelizLunes;54886
2020-06-23;#FelizLunes;http://twitter.com/search?q=%23FelizLunes;53547
2020-06-23;#FelizMartes;http://twitter.com/search?q=%23FelizMartes;10760
2020-06-23;#FelizMartes;http://twitter.com/search?q=%23FelizMartes;13706
2020-06-23;#FelizMartes;http://twitter.com/search?q=%23FelizMartes;17851
2020-06-24;#FelizMartes;http://twitter.com/search?q=%23FelizMartes;47929
2020-06-24;#FelizMartes;http://twitter.com/search?q=%23FelizMartes;48531
2020-06-24;#FelizMiercoles;http://twitter.com/search?q=%23FelizMiercoles;11307
2020-06-24;#FelizMiercoles;http://twitter.com/search?q=%23FelizMiercoles;14569
2020-06-25;#FelizMiercoles;http://twitter.com/search?q=%23FelizMiercoles;48074
2020-06-25;#FelizMiercoles;http://twitter.com/search?q=%23FelizMiercoles;48752
2020-06-25;#FelizMiercoles;http://twitter.com/search?q=%23FelizMiercoles;49308
2020-06-25;#FelizMiercoles;http://twitter.com/search?q=%23FelizMiercoles;49326
2020-06-25;#FelizMiercoles;http://twitter.com/search?q=%23FelizMiercoles;48631
2020-06-25;#FelizJueves;http://twitter.com/search?q=%23FelizJueves;11629
2020-06-25;#FelizJueves;http://twitter.com/search?q=%23FelizJueves;15617
2020-06-25;#FelizJueves;http://twitter.com/search?q=%23FelizJueves;19510
2020-06-25;#FelizJueves;http://twitter.com/search?q=%23FelizJueves;23382
2020-06-26;#FelizJueves;http://twitter.com/search?q=%23FelizJueves;50823
2020-06-26;#FelizJueves;http://twitter.com/search?q=%23FelizJueves;51496
2020-06-26;#FelizJueves;http://twitter.com/search?q=%23FelizJueves;51943
2020-06-27;#FelizViernesATodos;http://twitter.com/search?q=%23FelizViernesATodos;19003
2020-06-27;#FelizSabado;http://twitter.com/search?q=%23FelizSabado;18655
2020-06-27;#FelizSabado;http://twitter.com/search?q=%23FelizSabado;22264
2020-06-28;#FelizSabado;http://twitter.com/search?q=%23FelizSabado;41309
2020-06-28;#FelizSabado;http://twitter.com/search?q=%23FelizSabado;41966
2020-06-28;#FelizDomingo;http://twitter.com/search?q=%23FelizDomingo;10461
2020-06-28;#FelizDomingo;http://twitter.com/search?q=%23FelizDomingo;13841
2020-06-29;#FelizLunes;http://twitter.com/search?q=%23FelizLunes;10613
2020-06-29;#FelizLunes;http://twitter.com/search?q=%23FelizLunes;14023
2020-06-29;#FelizLunes;http://twitter.com/search?q=%23FelizLunes;18483
2020-06-29;#FelizLunes;http://twitter.com/search?q=%23FelizLunes;24067
2020-06-29;#FelizLunes;http://twitter.com/search?q=%23FelizLunes;28551
2020-06-29;#FelizLunes;http://twitter.com/search?q=%23FelizLunes;32625
2020-06-30;#Felices20Flavio;http://twitter.com/search?q=%23Felices20Flavio;13930
2020-06-30;#Felices20Flavio;http://twitter.com/search?q=%23Felices20Flavio;14162
2020-06-30;#Felices20Flavio;http://twitter.com/search?q=%23Felices20Flavio;14319
2020-06-30;#Felices20Flavio;http://twitter.com/search?q=%23Felices20Flavio;14381
2020-06-30;#Felices20Flavio;http://twitter.com/search?q=%23Felices20Flavio;14515
2020-06-30;#Felices20Flavio;http://twitter.com/search?q=%23Felices20Flavio;14596
2020-06-30;#Felices20Flavio;http://twitter.com/search?q=%23Felices20Flavio;14823
2020-06-30;#FelizLunes;http://twitter.com/search?q=%23FelizLunes;49791
2020-06-30;#Felices20Flavio;http://twitter.com/search?q=%23Felices20Flavio;15115
2020-06-30;#FelizMartes;http://twitter.com/search?q=%23FelizMartes;16535
2020-06-30;#FelizMartes;http://twitter.com/search?q=%23FelizMartes;21088
2020-06-30;#FelizMartes;http://twitter.com/search?q=%23FelizMartes;24592
2020-07-01;#FelizMartes;http://twitter.com/search?q=%23FelizMartes;46146
2020-07-01;#FelizMartes;http://twitter.com/search?q=%23FelizMartes;46876
2020-07-01;#FelizMartes;http://twitter.com/search?q=%23FelizMartes;47177
2020-07-01;#FelizMartes;http://twitter.com/search?q=%23FelizMartes;47034
2020-07-01;#FelizMartes;http://twitter.com/search?q=%23FelizMartes;46010
2020-07-01;#FelizMiercoles;http://twitter.com/search?q=%23FelizMiercoles;10894
2020-07-01;#FelizMiercoles;http://twitter.com/search?q=%23FelizMiercoles;18532
2020-07-01;#FelizMiercoles;http://twitter.com/search?q=%23FelizMiercoles;22759
2020-07-01;#FelizMiercoles;http://twitter.com/search?q=%23FelizMiercoles;26529
2020-07-02;#FelizMiercoles;http://twitter.com/search?q=%23FelizMiercoles;47891
2020-07-02;#FelizMiercoles;http://twitter.com/search?q=%23FelizMiercoles;46558
2020-07-02;#FelizJueves;http://twitter.com/search?q=%23FelizJueves;12066
2020-07-02;#FelizJueves;http://twitter.com/search?q=%23FelizJueves;16031
2020-07-02;#FelizJueves;http://twitter.com/search?q=%23FelizJueves;20744
2020-07-02;#FelizJueves;http://twitter.com/search?q=%23FelizJueves;25005
2020-07-03;#FelizJueves;http://twitter.com/search?q=%23FelizJueves;46990
2020-07-04;#FelizSabado;http://twitter.com/search?q=%23FelizSabado;11740
2020-07-04;#FelizSabado;http://twitter.com/search?q=%23FelizSabado;18726
2020-07-05;#Felices24Sofia;http://twitter.com/search?q=%23Felices24Sofia;10050
2020-07-05;#FelizDomingo;http://twitter.com/search?q=%23FelizDomingo;11437
2020-07-05;#FelizDomingo;http://twitter.com/search?q=%23FelizDomingo;14182
2020-07-06;#FelizDomingo;http://twitter.com/search?q=%23FelizDomingo;41956
2020-07-06;#FelizDomingo;http://twitter.com/search?q=%23FelizDomingo;42512
2020-07-06;#FelizLunes;http://twitter.com/search?q=%23FelizLunes;10033
2020-07-06;#FelizLunes;http://twitter.com/search?q=%23FelizLunes;12292
2020-07-06;#FelizLunes;http://twitter.com/search?q=%23FelizLunes;15641
2020-07-06;#FelizLunes;http://twitter.com/search?q=%23FelizLunes;25201
2020-07-07;#FelizLunes;http://twitter.com/search?q=%23FelizLunes;52669
2020-07-07;#FelizLunes;http://twitter.com/search?q=%23FelizLunes;49473
2020-07-07;#FelizMartes;http://twitter.com/search?q=%23FelizMartes;11838
2020-07-07;#FelizMartes;http://twitter.com/search?q=%23FelizMartes;14848
2020-07-07;#FelizMartes;http://twitter.com/search?q=%23FelizMartes;19124
2020-07-07;#FelizMartes;http://twitter.com/search?q=%23FelizMartes;23012
2020-07-08;#FelizMartes;http://twitter.com/search?q=%23FelizMartes;44350
2020-07-08;#FelizMartes;http://twitter.com/search?q=%23FelizMartes;44036
2020-07-08;#FelizMartes;http://twitter.com/search?q=%23FelizMartes;41524
2020-07-08;Felipe VI;http://twitter.com/search?q=%22Felipe+VI%22;13229
2020-07-08;#FelizMiercoles;http://twitter.com/search?q=%23FelizMiercoles;10614
2020-07-08;#FelizMiercoles;http://twitter.com/search?q=%23FelizMiercoles;13312
2020-07-08;#FelizMiercoles;http://twitter.com/search?q=%23FelizMiercoles;17786
2020-07-08;#FelizMiercoles;http://twitter.com/search?q=%23FelizMiercoles;22120
2020-07-09;#FelizMiercoles;http://twitter.com/search?q=%23FelizMiercoles;46957
2020-07-09;#FelizMiercoles;http://twitter.com/search?q=%23FelizMiercoles;44366
2020-07-09;Felipe VI;http://twitter.com/search?q=%22Felipe+VI%22;10351
2020-07-09;Felipe VI;http://twitter.com/search?q=%22Felipe+VI%22;11360
2020-07-09;#FelizJueves;http://twitter.com/search?q=%23FelizJueves;10056
2020-07-09;Felipe VI;http://twitter.com/search?q=%22Felipe+VI%22;12453
2020-07-09;#FelizJueves;http://twitter.com/search?q=%23FelizJueves;12341
2020-07-09;Felipe VI;http://twitter.com/search?q=%22Felipe+VI%22;13743
2020-07-09;#FelizJueves;http://twitter.com/search?q=%23FelizJueves;15868
2020-07-09;Felipe VI;http://twitter.com/search?q=%22Felipe+VI%22;15190
2020-07-09;#FelizJueves;http://twitter.com/search?q=%23FelizJueves;19806
2020-07-09;Felipe VI;http://twitter.com/search?q=%22Felipe+VI%22;18503
2020-07-09;#FelizJueves;http://twitter.com/search?q=%23FelizJueves;23467
2020-07-09;Felipe VI;http://twitter.com/search?q=%22Felipe+VI%22;20713
2020-07-09;#FelizJueves;http://twitter.com/search?q=%23FelizJueves;27085
2020-07-09;Felipe VI;http://twitter.com/search?q=%22Felipe+VI%22;22744
2020-07-09;Felipe VI;http://twitter.com/search?q=%22Felipe+VI%22;24596
2020-07-10;Felipe VI;http://twitter.com/search?q=%22Felipe+VI%22;32539
2020-07-10;#FelizJueves;http://twitter.com/search?q=%23FelizJueves;46253
2020-07-10;Felipe VI;http://twitter.com/search?q=%22Felipe+VI%22;32606
2020-07-10;#FelizJueves;http://twitter.com/search?q=%23FelizJueves;47018
2020-07-10;#FelizJueves;http://twitter.com/search?q=%23FelizJueves;47542
2020-07-10;Felipe VI;http://twitter.com/search?q=%22Felipe+VI%22;32687
2020-07-10;#FelizJueves;http://twitter.com/search?q=%23FelizJueves;47396
2020-07-10;Felipe VI;http://twitter.com/search?q=%22Felipe+VI%22;32896
2020-07-10;#FelizJueves;http://twitter.com/search?q=%23FelizJueves;46479
2020-07-10;Felipe VI;http://twitter.com/search?q=%22Felipe+VI%22;33712
2020-07-10;Felipe VI;http://twitter.com/search?q=%22Felipe+VI%22;34580
2020-07-10;#FelizJueves;http://twitter.com/search?q=%23FelizJueves;44694
2020-07-11;Felipe VI;http://twitter.com/search?q=%22Felipe+VI%22;24385
2020-07-11;Felipe VI;http://twitter.com/search?q=%22Felipe+VI%22;24156
2020-07-11;#FelizSabado;http://twitter.com/search?q=%23FelizSabado;11492
2020-07-11;#FelizSabado;http://twitter.com/search?q=%22Feliz+S%C3%A1bado%22;11100
2020-07-11;#FelizSabado;http://twitter.com/search?q=%23FelizSabado;14793
2020-07-11;#FelizSabado;http://twitter.com/search?q=%23FelizSabado;18055
2020-07-12;#FelizSabado;http://twitter.com/search?q=%23FelizSabado;36973
2020-07-12;#FelizSabado;http://twitter.com/search?q=%23FelizSabado;37332
2020-07-12;#FelizSabado;http://twitter.com/search?q=%23FelizSabado;37500
2020-07-12;#FelizSabado;http://twitter.com/search?q=%23FelizSabado;36925
2020-07-12;#FelizSabado;http://twitter.com/search?q=%23FelizSabado;35700
2020-07-12;#FelizSabado;http://twitter.com/search?q=%23FelizSabado;34628
2020-07-12;#FelizSabado;http://twitter.com/search?q=%23FelizSabado;33587
2020-07-12;#FelizDomingo;http://twitter.com/search?q=%23FelizDomingo;10426
2020-07-12;#FelizDomingo;http://twitter.com/search?q=%23FelizDomingo;13040
2020-07-12;#FelizDomingo;http://twitter.com/search?q=%23FelizDomingo;16381
2020-07-12;#FelizDomingo;http://twitter.com/search?q=%23FelizDomingo;20068
2020-07-13;#FelizLunes;http://twitter.com/search?q=%23FelizLunes;13075
2020-07-13;#FelizLunes;http://twitter.com/search?q=%23FelizLunes;17245
2020-07-13;#FelizLunes;http://twitter.com/search?q=%23FelizLunes;21455
2020-07-13;#FelizLunes;http://twitter.com/search?q=%23FelizLunes;25932
2020-07-14;#FelizLunes;http://twitter.com/search?q=%23FelizLunes;48326
2020-07-14;#FelizLunes;http://twitter.com/search?q=%23FelizLunes;49337
2020-07-14;#FelizLunes;http://twitter.com/search?q=%23FelizLunes;50056
2020-07-14;#FelizMartes;http://twitter.com/search?q=%23FelizMartes;11253
2020-07-14;#FelizMartes;http://twitter.com/search?q=%23FelizMartes;14017
2020-07-14;#FelizMartes;http://twitter.com/search?q=%23FelizMartes;17970
2020-07-14;#FelizMartes;http://twitter.com/search?q=%23FelizMartes;21908
2020-07-14;#FelizMartes;http://twitter.com/search?q=%23FelizMartes;25405
2020-07-15;#FelizMartes;http://twitter.com/search?q=%23FelizMartes;43985
2020-07-15;#FelizMartes;http://twitter.com/search?q=%23FelizMartes;44671
2020-07-15;#FelizMiercoles;http://twitter.com/search?q=%23FelizMiercoles;12093
2020-07-15;#FelizMiercoles;http://twitter.com/search?q=%23FelizMiercoles;15874
2020-07-15;#FelizMiercoles;http://twitter.com/search?q=%23FelizMiercoles;20448
2020-07-15;#FelizMiercoles;http://twitter.com/search?q=%23FelizMiercoles;24505
2020-07-15;#FelizMiercoles;http://twitter.com/search?q=%23FelizMiercoles;27772
2020-07-15;#FelizMiercoles;http://twitter.com/search?q=%23FelizMiercoles;31062
2020-07-16;#FelizMiercoles;http://twitter.com/search?q=%23FelizMiercoles;44364
2020-07-16;#FelizJueves;http://twitter.com/search?q=%23FelizJueves;12640
2020-07-16;#FelizJueves;http://twitter.com/search?q=%23FelizJueves;15982
2020-07-16;#FelizJueves;http://twitter.com/search?q=%23FelizJueves;19755
2020-07-17;#FelizJueves;http://twitter.com/search?q=%23FelizJueves;40911
2020-07-17;#FelizJueves;http://twitter.com/search?q=%23FelizJueves;40644
2020-07-17;Felipe González;http://twitter.com/search?q=%22Felipe+Gonz%C3%A1lez%22;12757
2020-07-17;Felipe González;http://twitter.com/search?q=%22Felipe+Gonz%C3%A1lez%22;13467
2020-07-17;Felipe González;http://twitter.com/search?q=%22Felipe+Gonz%C3%A1lez%22;14215
2020-07-17;Felipe González;http://twitter.com/search?q=%22Felipe+Gonz%C3%A1lez%22;14758
2020-07-17;Felipe González;http://twitter.com/search?q=%22Felipe+Gonz%C3%A1lez%22;15408
2020-07-17;Felipe González;http://twitter.com/search?q=%22Felipe+Gonz%C3%A1lez%22;15934
2020-07-17;Felipe González;http://twitter.com/search?q=%22Felipe+Gonz%C3%A1lez%22;16834
2020-07-17;Felipe González;http://twitter.com/search?q=%22Felipe+Gonz%C3%A1lez%22;17571
2020-07-17;Felipe González;http://twitter.com/search?q=%22Felipe+Gonz%C3%A1lez%22;18007
2020-07-17;Felipe González;http://twitter.com/search?q=%22Felipe+Gonz%C3%A1lez%22;18483
2020-07-17;#FelizViernesATodos;http://twitter.com/search?q=%23FelizViernesATodos;10730
2020-07-18;Felipe González;http://twitter.com/search?q=%22Felipe+Gonz%C3%A1lez%22;20404
2020-07-18;#FelizViernesATodos;http://twitter.com/search?q=%23FelizViernesATodos;15184
2020-07-18;#FelizViernesATodos;http://twitter.com/search?q=%23FelizViernesATodos;15451
2020-07-18;Felipe González;http://twitter.com/search?q=%22Felipe+Gonz%C3%A1lez%22;20402
2020-07-18;#FelizViernesATodos;http://twitter.com/search?q=%23FelizViernesATodos;15555
2020-07-18;Felipe González;http://twitter.com/search?q=%22Felipe+Gonz%C3%A1lez%22;20548
2020-07-18;#FelizViernesATodos;http://twitter.com/search?q=%23FelizViernesATodos;15492
2020-07-18;Felipe González;http://twitter.com/search?q=%22Felipe+Gonz%C3%A1lez%22;21722
2020-07-18;#FelizViernesATodos;http://twitter.com/search?q=%23FelizViernesATodos;15334
2020-07-18;Felipe González;http://twitter.com/search?q=%22Felipe+Gonz%C3%A1lez%22;23277
2020-07-18;Felipe González;http://twitter.com/search?q=%22Felipe+Gonz%C3%A1lez%22;24629
2020-07-18;Felipe González;http://twitter.com/search?q=%22Felipe+Gonz%C3%A1lez%22;24905
2020-07-18;#FelizAlzamiento;http://twitter.com/search?q=%23FelizAlzamiento;11600
2020-07-18;#FelizSabado;http://twitter.com/search?q=%23FelizSabado;10456
2020-07-18;#FelizAlzamiento;http://twitter.com/search?q=%23FelizAlzamiento;13491
2020-07-18;#FelizSabado;http://twitter.com/search?q=%23FelizSabado;14230
2020-07-18;#FelizAlzamiento;http://twitter.com/search?q=%23FelizAlzamiento;15046
2020-07-18;#FelizSabado;http://twitter.com/search?q=%23FelizSabado;18036
2020-07-18;#FelizAlzamiento;http://twitter.com/search?q=%23FelizAlzamiento;16317
2020-07-18;#FelizSabado;http://twitter.com/search?q=%23FelizSabado;21980
2020-07-18;#FelizAlzamiento;http://twitter.com/search?q=%23FelizAlzamiento;17297
2020-07-18;#FelizSabado;http://twitter.com/search?q=%23FelizSabado;24900
2020-07-18;#FelizAlzamiento;http://twitter.com/search?q=%23FelizAlzamiento;18101
2020-07-18;#FelizSabado;http://twitter.com/search?q=%23FelizSabado;27988
2020-07-18;#FelizAlzamiento;http://twitter.com/search?q=%23FelizAlzamiento;18909
2020-07-18;#FelizAlzamiento;http://twitter.com/search?q=%23FelizAlzamiento;19254
2020-07-19;#FelizAlzamiento;http://twitter.com/search?q=%23FelizAlzamiento;18840
2020-07-19;#FelizSabado;http://twitter.com/search?q=%23FelizSabado;44604
2020-07-19;#FelizAlzamiento;http://twitter.com/search?q=%23FelizAlzamiento;18797
2020-07-19;#FelizSabado;http://twitter.com/search?q=%23FelizSabado;45589
2020-07-19;#FelizAlzamiento;http://twitter.com/search?q=%23FelizAlzamiento;18787
2020-07-19;#FelizSabado;http://twitter.com/search?q=%23FelizSabado;46368
2020-07-19;#FelizAlzamiento;http://twitter.com/search?q=%23FelizAlzamiento;18776
2020-07-19;#FelizAlzamiento;http://twitter.com/search?q=%23FelizAlzamiento;18046
2020-07-19;#FelizAlzamiento;http://twitter.com/search?q=%23FelizAlzamiento;16802
2020-07-19;#FelizDomingo;http://twitter.com/search?q=%23FelizDomingo;11380
2020-07-19;#FelizDomingo;http://twitter.com/search?q=%23FelizDomingo;14490
2020-07-19;#FelizDomingo;http://twitter.com/search?q=%23FelizDomingo;18392
2020-07-20;#FelizDomingo;http://twitter.com/search?q=%23FelizDomingo;45296
2020-07-20;#FelizDomingo;http://twitter.com/search?q=%23FelizDomingo;45890
2020-07-20;#FelizDomingo;http://twitter.com/search?q=%23FelizDomingo;45605
2020-07-20;#FelizLunes;http://twitter.com/search?q=%23FelizLunes;11956
2020-07-20;#FelizLunes;http://twitter.com/search?q=%23FelizLunes;15661
2020-07-20;#FelizLunes;http://twitter.com/search?q=%23FelizLunes;20111
2020-07-20;#FelizLunes;http://twitter.com/search?q=%23FelizLunes;23981
2020-07-21;#FelizLunes;http://twitter.com/search?q=%23FelizLunes;47839
2020-07-21;#FelizLunes;http://twitter.com/search?q=%23FelizLunes;48644
2020-07-21;#FelizLunes;http://twitter.com/search?q=%23FelizLunes;46640
2020-07-21;#FelizLunes;http://twitter.com/search?q=%23FelizLunes;44100
2020-07-21;#FelizMartes;http://twitter.com/search?q=%23FelizMartes;12606
2020-07-21;#FelizMartes;http://twitter.com/search?q=%23FelizMartes;16240
2020-07-21;#FelizMartes;http://twitter.com/search?q=%23FelizMartes;19768
2020-07-21;#FelizMartes;http://twitter.com/search?q=%23FelizMartes;23166
2020-07-22;#FelizMartes;http://twitter.com/search?q=%23FelizMartes;42740
2020-07-22;#FelizMartes;http://twitter.com/search?q=%23FelizMartes;43069
2020-07-22;#FelizMartes;http://twitter.com/search?q=%23FelizMartes;42858
2020-07-22;#FelizMartes;http://twitter.com/search?q=%23FelizMartes;41988
2020-07-22;#FelizMartes;http://twitter.com/search?q=%23FelizMartes;40830
2020-07-22;#FelizMartes;http://twitter.com/search?q=%23FelizMartes;39549
2020-07-22;#FelizMartes;http://twitter.com/search?q=%23FelizMartes;38609
2020-07-22;#FelizMiercoles;http://twitter.com/search?q=%23FelizMiercoles;12101
2020-07-22;#FelizMiercoles;http://twitter.com/search?q=%23FelizMiercoles;15824
2020-07-22;#FelizMiercoles;http://twitter.com/search?q=%23FelizMiercoles;20029
2020-07-22;#FelizMiercoles;http://twitter.com/search?q=%23FelizMiercoles;24215
2020-07-23;#YaSobrasFelipeVI;http://twitter.com/search?q=%23YaSobrasFelipeVI;10044
2020-07-23;#YaSobrasFelipeVI;http://twitter.com/search?q=%23YaSobrasFelipeVI;10205
2020-07-23;#YaSobrasFelipeVI;http://twitter.com/search?q=%23YaSobrasFelipeVI;10253
2020-07-23;#FelizMiercoles;http://twitter.com/search?q=%23FelizMiercoles;44158
2020-07-23;#YaSobrasFelipeVI;http://twitter.com/search?q=%23YaSobrasFelipeVI;10336
2020-07-23;#FelizMiercoles;http://twitter.com/search?q=%23FelizMiercoles;44344
2020-07-23;#YaSobrasFelipeVI;http://twitter.com/search?q=%23YaSobrasFelipeVI;10594
2020-07-23;#FelizMiercoles;http://twitter.com/search?q=%23FelizMiercoles;44003
2020-07-23;#FelizMiercoles;http://twitter.com/search?q=%23FelizMiercoles;42907
2020-07-23;#YaSobrasFelipeVI;http://twitter.com/search?q=%23YaSobrasFelipeVI;10875
2020-07-23;#YaSobrasFelipeVI;http://twitter.com/search?q=%23YaSobrasFelipeVI;11211
2020-07-23;#FelizMiercoles;http://twitter.com/search?q=%23FelizMiercoles;41477
2020-07-23;#FelizJueves;http://twitter.com/search?q=%23FelizJueves;12544
2020-07-23;#FelizJueves;http://twitter.com/search?q=%23FelizJueves;16351
2020-07-23;#FelizJueves;http://twitter.com/search?q=%23FelizJueves;20305
2020-07-23;#FelizJueves;http://twitter.com/search?q=%23FelizJueves;24108
2020-07-25;#FelizSabado;http://twitter.com/search?q=%23FelizSabado;11567
2020-07-25;#FelizSabado;http://twitter.com/search?q=%23FelizSabado;15076
2020-07-25;#FelizSabado;http://twitter.com/search?q=%23FelizSabado;19287
2020-07-25;#FelizSabado;http://twitter.com/search?q=%23FelizSabado;23059
2020-07-25;#FelizSabado;http://twitter.com/search?q=%23FelizSabado;26099
2020-07-25;#FelizSabado;http://twitter.com/search?q=%23FelizSabado;28712
2020-07-26;#FelizSabado;http://twitter.com/search?q=%23FelizSabado;40413
2020-07-26;#FelizSabado;http://twitter.com/search?q=%23FelizSabado;40945
2020-07-26;#FelizSabado;http://twitter.com/search?q=%23FelizSabado;41308
2020-07-26;#FelizSabado;http://twitter.com/search?q=%23FelizSabado;41365
2020-07-26;#FelizSabado;http://twitter.com/search?q=%23FelizSabado;41011
2020-07-26;#FelizSabado;http://twitter.com/search?q=%23FelizSabado;40098
2020-07-26;#FelizDomingo;http://twitter.com/search?q=%23FelizDomingo;10806
2020-07-27;#FelizDomingo;http://twitter.com/search?q=%23FelizDomingo;38638
2020-07-27;#FelizDomingo;http://twitter.com/search?q=%23FelizDomingo;38956
2020-07-27;#FelizDomingo;http://twitter.com/search?q=%23FelizDomingo;33841
2020-07-27;#FelizLunes;http://twitter.com/search?q=%23FelizLunes;10900
2020-07-27;#FelizLunes;http://twitter.com/search?q=%23FelizLunes;14406
2020-07-27;#FelizLunes;http://twitter.com/search?q=%23FelizLunes;18636
2020-07-27;#FelizLunes;http://twitter.com/search?q=%23FelizLunes;23341
2020-07-28;#FelizLunes;http://twitter.com/search?q=%23FelizLunes;45000
2020-07-28;#FelizLunes;http://twitter.com/search?q=%23FelizLunes;45928
2020-07-28;#FelizLunes;http://twitter.com/search?q=%23FelizLunes;46813
2020-07-28;#FelizMartes;http://twitter.com/search?q=%23FelizMartes;10042
2020-07-28;#FelizMartes;http://twitter.com/search?q=%23FelizMartes;12652
2020-07-28;#FelizMartes;http://twitter.com/search?q=%23FelizMartes;16038
2020-07-28;#FelizMartes;http://twitter.com/search?q=%23FelizMartes;19609
2020-06-03;#FelizMiercoles;http://twitter.com/search?q=%23FelizMiercoles;19485
2020-06-04;#FelizJueves;http://twitter.com/search?q=%23FelizJueves;12095
2020-06-04;#FelizJueves;http://twitter.com/search?q=%23FelizJueves;14941
2020-06-04;#FelizJueves;http://twitter.com/search?q=%23FelizJueves;18838
2020-06-04;#FelizJueves;http://twitter.com/search?q=%23FelizJueves;40814
2020-06-05;#FelizJueves;http://twitter.com/search?q=%23FelizJueves;47070
2020-06-06;#FelizSabado;http://twitter.com/search?q=%23FelizSabado;10344
2020-06-06;#FelizSabado;http://twitter.com/search?q=%23FelizSabado;14083
2020-06-06;#FelizSabado;http://twitter.com/search?q=%22Feliz+S%C3%A1bado%22;10243
2020-06-06;#FelizSabado;http://twitter.com/search?q=%23FelizSabado;18070
2020-06-06;#FelizSabado;http://twitter.com/search?q=%23FelizSabado;31865
2020-06-06;#FelizSabado;http://twitter.com/search?q=%23FelizSabado;34203
2020-06-06;#FelizSabado;http://twitter.com/search?q=%23FelizSabado;36105
2020-06-06;#FelizSabado;http://twitter.com/search?q=%23FelizSabado;38047
2020-06-06;#FelizSabado;http://twitter.com/search?q=%23FelizSabado;39533
2020-06-07;#FelizSabado;http://twitter.com/search?q=%23FelizSabado;43170
2020-06-07;#FelizSabado;http://twitter.com/search?q=%23FelizSabado;44077
2020-06-07;#FelizSabado;http://twitter.com/search?q=%23FelizSabado;44760
2020-06-07;#FelizSabado;http://twitter.com/search?q=%23FelizSabado;42408
2020-06-07;#FelizSabado;http://twitter.com/search?q=%23FelizSabado;41269
2020-06-07;#FelizDomingo;http://twitter.com/search?q=%23Felizdomingo;11018
2020-06-07;#FelizSabado;http://twitter.com/search?q=%23FelizSabado;39509
2020-06-07;#FelizDomingo;http://twitter.com/search?q=%23FelizDomingo;12691
2020-06-07;#FelizDomingo;http://twitter.com/search?q=%23FelizDomingo;15843
2020-06-07;#FelizDomingo;http://twitter.com/search?q=%23FelizDomingo;19853
2020-06-07;#FelizDomingo;http://twitter.com/search?q=%23FelizDomingo;30168
2020-06-07;#FelizDomingo;http://twitter.com/search?q=%23FelizDomingo;33364
2020-06-07;#FelizDomingo;http://twitter.com/search?q=%23FelizDomingo;36283
2020-06-07;#FelizDomingo;http://twitter.com/search?q=%23FelizDomingo;38810
2020-06-08;#FelizLunes;http://twitter.com/search?q=%23FelizLunes;10192
2020-06-08;#FelizLunes;http://twitter.com/search?q=%23FelizLunes;14854
2020-06-08;#FelizLunes;http://twitter.com/search?q=%23FelizLunes;22384
2020-06-08;#FelizLunes;http://twitter.com/search?q=%23FelizLunes;46750
2020-06-08;#FelizLunes;http://twitter.com/search?q=%23FelizLunes;49251
2020-06-09;#FelizLunes;http://twitter.com/search?q=%23FelizLunes;55668
2020-06-09;#FelizMartes;http://twitter.com/search?q=%23FelizMartes;10116
2020-06-09;#FelizMartes;http://twitter.com/search?q=%23FelizMartes;12420
2020-06-09;#FelizMartes;http://twitter.com/search?q=%23FelizMartes;15635
2020-06-09;#FelizMartes;http://twitter.com/search?q=%23FelizMartes;35032
2020-06-09;#FelizMartes;http://twitter.com/search?q=%23FelizMartes;37104
2020-06-10;#FelizMartes;http://twitter.com/search?q=%23FelizMartes;42454
2020-06-10;#FelizMartes;http://twitter.com/search?q=%23FelizMartes;45775
2020-06-10;#FelizMartes;http://twitter.com/search?q=%23FelizMartes;44703
2020-06-10;#FelizMartes;http://twitter.com/search?q=%23FelizMartes;40796
2020-06-10;#FelizMiercoles;http://twitter.com/search?q=%23FelizMiercoles;10521
2020-06-10;#FelizMiercoles;http://twitter.com/search?q=%23FelizMiercoles;12992
2020-06-10;#FelizMiercoles;http://twitter.com/search?q=%23FelizMiercoles;16721
2020-06-10;#FelizMiercoles;http://twitter.com/search?q=%23FelizMiercoles;33100
2020-06-10;#FelizMiercoles;http://twitter.com/search?q=%23FelizMiercoles;35552
2020-06-11;#FelizMiercoles;http://twitter.com/search?q=%23FelizMiercoles;45370
2020-06-11;#FelizMiercoles;http://twitter.com/search?q=%23FelizMiercoles;43962
2020-06-11;#FelizMiercoles;http://twitter.com/search?q=%23FelizMiercoles;42713
2020-06-11;#FelizJueves;http://twitter.com/search?q=%23FelizJueves;14419
2020-06-11;Felipe González;http://twitter.com/search?q=%22Felipe+Gonz%C3%A1lez%22;12938
2020-06-11;Felipe González;http://twitter.com/search?q=%22Felipe+Gonz%C3%A1lez%22;16235
2020-06-11;Felipe González;http://twitter.com/search?q=%22Felipe+Gonz%C3%A1lez%22;19344
2020-06-11;Felipe González;http://twitter.com/search?q=%22Felipe+Gonz%C3%A1lez%22;21809
2020-06-12;Felipe González;http://twitter.com/search?q=%22Felipe+Gonz%C3%A1lez%22;43289
2020-06-12;Felipe González;http://twitter.com/search?q=%22Felipe+Gonz%C3%A1lez%22;43936
2020-06-12;Felipe González;http://twitter.com/search?q=%22Felipe+Gonz%C3%A1lez%22;44764
2020-06-12;#FelizJueves;http://twitter.com/search?q=%23FelizJueves;45009
2020-06-12;Felipe González;http://twitter.com/search?q=%22Felipe+Gonz%C3%A1lez%22;45742
2020-06-12;#FelizJueves;http://twitter.com/search?q=%23FelizJueves;43546
2020-06-12;Felipe González;http://twitter.com/search?q=%22Felipe+Gonz%C3%A1lez%22;46978
2020-06-12;Felipe González;http://twitter.com/search?q=%22Felipe+Gonz%C3%A1lez%22;47549
2020-06-13;Felipe González;http://twitter.com/search?q=%22Felipe+Gonz%C3%A1lez%22;22811
2020-06-13;Felipe González;http://twitter.com/search?q=%22Felipe+Gonz%C3%A1lez%22;21487
2020-06-13;Felipe González;http://twitter.com/search?q=%22Felipe+Gonz%C3%A1lez%22;20759
2020-06-13;Felipe González;http://twitter.com/search?q=%22Felipe+Gonz%C3%A1lez%22;19915
2020-06-13;Felipe González;http://twitter.com/search?q=%22Felipe+Gonz%C3%A1lez%22;19122
2020-06-13;#FelizSabado;http://twitter.com/search?q=%23FelizSabado;10176
2020-06-13;Felipe González;http://twitter.com/search?q=%22Felipe+Gonz%C3%A1lez%22;18423
2020-06-13;#FelizSabado;http://twitter.com/search?q=%23FelizSabado;11974
2020-06-13;#FelizSabado;http://twitter.com/search?q=%23FelizSabado;14573
2020-06-13;#FelizSabado;http://twitter.com/search?q=%23FelizS%C3%A1bado;18692
2020-06-14;#FelizSabado;http://twitter.com/search?q=%23FelizSabado;36388
2020-06-14;#FelizSabado;http://twitter.com/search?q=%23FelizSabado;36580
2020-06-14;#FelizDomingo;http://twitter.com/search?q=%23FelizDomingo;10508
2020-06-14;#FelizDomingo;http://twitter.com/search?q=%23FelizDomingo;12986
2020-06-14;#FelizDomingo;http://twitter.com/search?q=%23FelizDomingo;16563
2020-06-15;#FelizDomingo;http://twitter.com/search?q=%23FelizDomingo;44718
2020-06-15;#FelizDomingo;http://twitter.com/search?q=%23FelizDomingo;45725
2020-06-15;#FelizDomingo;http://twitter.com/search?q=%23FelizDomingo;46577
2020-06-15;#FelizDomingo;http://twitter.com/search?q=%23FelizDomingo;47333
2020-06-15;#FelizLunes;http://twitter.com/search?q=%23FelizLunes;11620
2020-06-15;#FelizLunes;http://twitter.com/search?q=%23FelizLunes;14513
2020-06-15;#FelizLunes;http://twitter.com/search?q=%23FelizLunes;18289
2020-06-16;Felipe González;http://twitter.com/search?q=%22Felipe+Gonz%C3%A1lez%22;96178
2020-06-16;Felipe González;http://twitter.com/search?q=%22Felipe+Gonz%C3%A1lez%22;95862
2020-06-16;Felipe González;http://twitter.com/search?q=%22Felipe+Gonz%C3%A1lez%22;95081
2020-06-16;Felipe González;http://twitter.com/search?q=%22Felipe+Gonz%C3%A1lez%22;92990
2020-06-16;Felipe González;http://twitter.com/search?q=%22Felipe+Gonz%C3%A1lez%22;89733
2020-06-16;Felipe González;http://twitter.com/search?q=%22Felipe+Gonz%C3%A1lez%22;86206
2020-06-16;Felipe González;http://twitter.com/search?q=%22Felipe+Gonz%C3%A1lez%22;82819
2020-06-16;#FelizLunes;http://twitter.com/search?q=%23FelizLunes;48163
2020-06-16;#FelizLunes;http://twitter.com/search?q=%23FelizLunes;47037
2020-06-16;#FelizMartes;http://twitter.com/search?q=%23FelizMartes;10852
2020-06-16;#FelizMartes;http://twitter.com/search?q=%23FelizMartes;13911
2020-06-16;#FelizMartes;http://twitter.com/search?q=%23FelizMartes;17370
2020-06-17;#FelizMartes;http://twitter.com/search?q=%23FelizMartes;49161
2020-06-17;#FelizMartes;http://twitter.com/search?q=%23FelizMartes;50131
2020-06-17;#FelizMartes;http://twitter.com/search?q=%23FelizMartes;50807
2020-06-17;#FelizMartes;http://twitter.com/search?q=%23FelizMartes;48164
2020-06-17;#FelizMartes;http://twitter.com/search?q=%23FelizMartes;46790
2020-06-17;#FelizMiercoles;http://twitter.com/search?q=%23FelizMiercoles;10453
2020-06-17;#FelizMiercoles;http://twitter.com/search?q=%23FelizMiercoles;16801
2020-06-18;#FelizMiercoles;http://twitter.com/search?q=%23FelizMiercoles;49191
2020-06-18;#FelizMiercoles;http://twitter.com/search?q=%23FelizMiercoles;47901
2020-06-18;#FelizMiercoles;http://twitter.com/search?q=%23FelizMiercoles;46740
2020-06-18;#FelizJueves;http://twitter.com/search?q=%23FelizJueves;11424
2020-06-18;#FelizJueves;http://twitter.com/search?q=%23FelizJueves;14789
2020-06-19;Felipe VI;http://twitter.com/search?q=%22Felipe+VI%22;10645
2020-06-19;Felipe VI;http://twitter.com/search?q=%22Felipe+VI%22;12414
2020-06-19;Felipe VI;http://twitter.com/search?q=%22Felipe+VI%22;13945
2020-06-19;Felipe VI;http://twitter.com/search?q=%22Felipe+VI%22;15484
2020-06-19;Felipe VI;http://twitter.com/search?q=%22Felipe+VI%22;17642
2020-06-19;Felipe VI;http://twitter.com/search?q=%22Felipe+VI%22;22866
2020-06-20;Felipe VI;http://twitter.com/search?q=%22Felipe+VI%22;35201
2020-06-20;Felipe VI;http://twitter.com/search?q=%22Felipe+VI%22;34751
2020-06-20;Felipe VI;http://twitter.com/search?q=%22Felipe+VI%22;34151
2020-06-20;#FelizSabado;http://twitter.com/search?q=%23FelizSabado;12835
2020-06-20;#FelizSabado;http://twitter.com/search?q=%23FelizSabado;15586
2020-06-20;#FelizSabado;http://twitter.com/search?q=%23FelizSabado;22886
2020-06-20;#FelizSabado;http://twitter.com/search?q=%23FelizSabado;26525
2020-06-21;#FelizDomingo;http://twitter.com/search?q=%23FelizDomingo;10881
2020-06-21;#FelizDomingo;http://twitter.com/search?q=%23FelizDomingo;13441
2020-06-21;#FelizDomingo;http://twitter.com/search?q=%23FelizDomingo;16132
2020-06-21;#FelizDiaDelPadre;http://twitter.com/search?q=%23FelizDiaDelPadre;95421
2020-06-21;Felipe y Letizia;http://twitter.com/search?q=%22Felipe+y+Letizia%22;15743
2020-06-21;Felipe y Letizia;http://twitter.com/search?q=%22Felipe+y+Letizia%22;18562
2020-06-22;#FelizDomingo;http://twitter.com/search?q=%23FelizDomingo;33516
2020-06-22;#FelizDomingo;http://twitter.com/search?q=%23FelizDomingo;34066
2020-06-22;Felipe y Letizia;http://twitter.com/search?q=%22Felipe+y+Letizia%22;24297
2020-06-22;#FelizDomingo;http://twitter.com/search?q=%23FelizDomingo;34177
2020-06-22;Felipe y Letizia;http://twitter.com/search?q=%22Felipe+y+Letizia%22;24776
2020-06-22;#FelizDomingo;http://twitter.com/search?q=%23FelizDomingo;33852
2020-06-22;Felipe y Letizia;http://twitter.com/search?q=%22Felipe+y+Letizia%22;25700
2020-06-22;#FelizDomingo;http://twitter.com/search?q=%23FelizDomingo;33073
2020-06-22;Felipe y Letizia;http://twitter.com/search?q=%22Felipe+y+Letizia%22;26369
2020-06-22;#FelizDomingo;http://twitter.com/search?q=%23FelizDomingo;32018
2020-06-22;Felipe y Letizia;http://twitter.com/search?q=%22Felipe+y+Letizia%22;26531
2020-06-22;#FelizLunes;http://twitter.com/search?q=%23FelizLunes;10454
2020-06-22;#FelizLunes;http://twitter.com/search?q=%23FelizLunes;12881
2020-06-22;#FelizLunes;http://twitter.com/search?q=%23FelizLunes;16311
2020-06-22;#FelizLunes;http://twitter.com/search?q=%23FelizLunes;21023
2020-06-22;#FelizLunes;http://twitter.com/search?q=%23FelizLunes;25535
2020-06-23;#FelizLunes;http://twitter.com/search?q=%23FelizLunes;56671
2020-06-23;#FelizLunes;http://twitter.com/search?q=%23FelizLunes;56034
2020-06-23;#FelizLunes;http://twitter.com/search?q=%23FelizLunes;54886
2020-06-23;#FelizLunes;http://twitter.com/search?q=%23FelizLunes;53547
2020-06-23;#FelizMartes;http://twitter.com/search?q=%23FelizMartes;10760
2020-06-23;#FelizMartes;http://twitter.com/search?q=%23FelizMartes;13706
2020-06-23;#FelizMartes;http://twitter.com/search?q=%23FelizMartes;17851
2020-06-24;#FelizMartes;http://twitter.com/search?q=%23FelizMartes;47929
2020-06-24;#FelizMartes;http://twitter.com/search?q=%23FelizMartes;48531
2020-06-24;#FelizMiercoles;http://twitter.com/search?q=%23FelizMiercoles;11307
2020-06-24;#FelizMiercoles;http://twitter.com/search?q=%23FelizMiercoles;14569
2020-06-25;#FelizMiercoles;http://twitter.com/search?q=%23FelizMiercoles;48074
2020-06-25;#FelizMiercoles;http://twitter.com/search?q=%23FelizMiercoles;48752
2020-06-25;#FelizMiercoles;http://twitter.com/search?q=%23FelizMiercoles;49308
2020-06-25;#FelizMiercoles;http://twitter.com/search?q=%23FelizMiercoles;49326
2020-06-25;#FelizMiercoles;http://twitter.com/search?q=%23FelizMiercoles;48631
2020-06-25;#FelizJueves;http://twitter.com/search?q=%23FelizJueves;11629
2020-06-25;#FelizJueves;http://twitter.com/search?q=%23FelizJueves;15617
2020-06-25;#FelizJueves;http://twitter.com/search?q=%23FelizJueves;19510
2020-06-25;#FelizJueves;http://twitter.com/search?q=%23FelizJueves;23382
2020-06-26;#FelizJueves;http://twitter.com/search?q=%23FelizJueves;50823
2020-06-26;#FelizJueves;http://twitter.com/search?q=%23FelizJueves;51496
2020-06-26;#FelizJueves;http://twitter.com/search?q=%23FelizJueves;51943
2020-06-27;#FelizViernesATodos;http://twitter.com/search?q=%23FelizViernesATodos;19003
2020-06-27;#FelizSabado;http://twitter.com/search?q=%23FelizSabado;18655
2020-06-27;#FelizSabado;http://twitter.com/search?q=%23FelizSabado;22264
2020-06-28;#FelizSabado;http://twitter.com/search?q=%23FelizSabado;41309
2020-06-28;#FelizSabado;http://twitter.com/search?q=%23FelizSabado;41966
2020-06-28;#FelizDomingo;http://twitter.com/search?q=%23FelizDomingo;10461
2020-06-28;#FelizDomingo;http://twitter.com/search?q=%23FelizDomingo;13841
2020-06-29;#FelizLunes;http://twitter.com/search?q=%23FelizLunes;10613
2020-06-29;#FelizLunes;http://twitter.com/search?q=%23FelizLunes;14023
2020-06-29;#FelizLunes;http://twitter.com/search?q=%23FelizLunes;18483
2020-06-29;#FelizLunes;http://twitter.com/search?q=%23FelizLunes;24067
2020-06-29;#FelizLunes;http://twitter.com/search?q=%23FelizLunes;28551
2020-06-29;#FelizLunes;http://twitter.com/search?q=%23FelizLunes;32625
2020-06-30;#Felices20Flavio;http://twitter.com/search?q=%23Felices20Flavio;13930
2020-06-30;#Felices20Flavio;http://twitter.com/search?q=%23Felices20Flavio;14162
2020-06-30;#Felices20Flavio;http://twitter.com/search?q=%23Felices20Flavio;14319
2020-06-30;#Felices20Flavio;http://twitter.com/search?q=%23Felices20Flavio;14381
2020-06-30;#Felices20Flavio;http://twitter.com/search?q=%23Felices20Flavio;14515
2020-06-30;#Felices20Flavio;http://twitter.com/search?q=%23Felices20Flavio;14596
2020-06-30;#Felices20Flavio;http://twitter.com/search?q=%23Felices20Flavio;14823
2020-06-30;#FelizLunes;http://twitter.com/search?q=%23FelizLunes;49791
2020-06-30;#Felices20Flavio;http://twitter.com/search?q=%23Felices20Flavio;15115
2020-06-30;#FelizMartes;http://twitter.com/search?q=%23FelizMartes;16535
2020-06-30;#FelizMartes;http://twitter.com/search?q=%23FelizMartes;21088
2020-06-30;#FelizMartes;http://twitter.com/search?q=%23FelizMartes;24592
2020-07-01;#FelizMartes;http://twitter.com/search?q=%23FelizMartes;46146
2020-07-01;#FelizMartes;http://twitter.com/search?q=%23FelizMartes;46876
2020-07-01;#FelizMartes;http://twitter.com/search?q=%23FelizMartes;47177
2020-07-01;#FelizMartes;http://twitter.com/search?q=%23FelizMartes;47034
2020-07-01;#FelizMartes;http://twitter.com/search?q=%23FelizMartes;46010
2020-07-01;#FelizMiercoles;http://twitter.com/search?q=%23FelizMiercoles;10894
2020-07-01;#FelizMiercoles;http://twitter.com/search?q=%23FelizMiercoles;18532
2020-07-01;#FelizMiercoles;http://twitter.com/search?q=%23FelizMiercoles;22759
2020-07-01;#FelizMiercoles;http://twitter.com/search?q=%23FelizMiercoles;26529
2020-07-02;#FelizMiercoles;http://twitter.com/search?q=%23FelizMiercoles;47891
2020-07-02;#FelizMiercoles;http://twitter.com/search?q=%23FelizMiercoles;46558
2020-07-02;#FelizJueves;http://twitter.com/search?q=%23FelizJueves;12066
2020-07-02;#FelizJueves;http://twitter.com/search?q=%23FelizJueves;16031
2020-07-02;#FelizJueves;http://twitter.com/search?q=%23FelizJueves;20744
2020-07-02;#FelizJueves;http://twitter.com/search?q=%23FelizJueves;25005
2020-07-03;#FelizJueves;http://twitter.com/search?q=%23FelizJueves;46990
2020-07-04;#FelizSabado;http://twitter.com/search?q=%23FelizSabado;11740
2020-07-04;#FelizSabado;http://twitter.com/search?q=%23FelizSabado;18726
2020-07-05;#Felices24Sofia;http://twitter.com/search?q=%23Felices24Sofia;10050
2020-07-05;#FelizDomingo;http://twitter.com/search?q=%23FelizDomingo;11437
2020-07-05;#FelizDomingo;http://twitter.com/search?q=%23FelizDomingo;14182
2020-07-06;#FelizDomingo;http://twitter.com/search?q=%23FelizDomingo;41956
2020-07-06;#FelizDomingo;http://twitter.com/search?q=%23FelizDomingo;42512
2020-07-06;#FelizLunes;http://twitter.com/search?q=%23FelizLunes;10033
2020-07-06;#FelizLunes;http://twitter.com/search?q=%23FelizLunes;12292
2020-07-06;#FelizLunes;http://twitter.com/search?q=%23FelizLunes;15641
2020-07-06;#FelizLunes;http://twitter.com/search?q=%23FelizLunes;25201
2020-07-07;#FelizLunes;http://twitter.com/search?q=%23FelizLunes;52669
2020-07-07;#FelizLunes;http://twitter.com/search?q=%23FelizLunes;49473
2020-07-07;#FelizMartes;http://twitter.com/search?q=%23FelizMartes;11838
2020-07-07;#FelizMartes;http://twitter.com/search?q=%23FelizMartes;14848
2020-07-07;#FelizMartes;http://twitter.com/search?q=%23FelizMartes;19124
2020-07-07;#FelizMartes;http://twitter.com/search?q=%23FelizMartes;23012
2020-07-08;#FelizMartes;http://twitter.com/search?q=%23FelizMartes;44350
2020-07-08;#FelizMartes;http://twitter.com/search?q=%23FelizMartes;44036
2020-07-08;#FelizMartes;http://twitter.com/search?q=%23FelizMartes;41524
2020-07-08;Felipe VI;http://twitter.com/search?q=%22Felipe+VI%22;13229
2020-07-08;#FelizMiercoles;http://twitter.com/search?q=%23FelizMiercoles;10614
2020-07-08;#FelizMiercoles;http://twitter.com/search?q=%23FelizMiercoles;13312
2020-07-08;#FelizMiercoles;http://twitter.com/search?q=%23FelizMiercoles;17786
2020-07-08;#FelizMiercoles;http://twitter.com/search?q=%23FelizMiercoles;22120
2020-07-09;#FelizMiercoles;http://twitter.com/search?q=%23FelizMiercoles;46957
2020-07-09;#FelizMiercoles;http://twitter.com/search?q=%23FelizMiercoles;44366
2020-07-09;Felipe VI;http://twitter.com/search?q=%22Felipe+VI%22;10351
2020-07-09;Felipe VI;http://twitter.com/search?q=%22Felipe+VI%22;11360
2020-07-09;#FelizJueves;http://twitter.com/search?q=%23FelizJueves;10056
2020-07-09;Felipe VI;http://twitter.com/search?q=%22Felipe+VI%22;12453
2020-07-09;#FelizJueves;http://twitter.com/search?q=%23FelizJueves;12341
2020-07-09;Felipe VI;http://twitter.com/search?q=%22Felipe+VI%22;13743
2020-07-09;#FelizJueves;http://twitter.com/search?q=%23FelizJueves;15868
2020-07-09;Felipe VI;http://twitter.com/search?q=%22Felipe+VI%22;15190
2020-07-09;#FelizJueves;http://twitter.com/search?q=%23FelizJueves;19806
2020-07-09;Felipe VI;http://twitter.com/search?q=%22Felipe+VI%22;18503
2020-07-09;#FelizJueves;http://twitter.com/search?q=%23FelizJueves;23467
2020-07-09;Felipe VI;http://twitter.com/search?q=%22Felipe+VI%22;20713
2020-07-09;#FelizJueves;http://twitter.com/search?q=%23FelizJueves;27085
2020-07-09;Felipe VI;http://twitter.com/search?q=%22Felipe+VI%22;22744
2020-07-09;Felipe VI;http://twitter.com/search?q=%22Felipe+VI%22;24596
2020-07-10;Felipe VI;http://twitter.com/search?q=%22Felipe+VI%22;32539
2020-07-10;#FelizJueves;http://twitter.com/search?q=%23FelizJueves;46253
2020-07-10;Felipe VI;http://twitter.com/search?q=%22Felipe+VI%22;32606
2020-07-10;#FelizJueves;http://twitter.com/search?q=%23FelizJueves;47018
2020-07-10;#FelizJueves;http://twitter.com/search?q=%23FelizJueves;47542
2020-07-10;Felipe VI;http://twitter.com/search?q=%22Felipe+VI%22;32687
2020-07-10;#FelizJueves;http://twitter.com/search?q=%23FelizJueves;47396
2020-07-10;Felipe VI;http://twitter.com/search?q=%22Felipe+VI%22;32896
2020-07-10;#FelizJueves;http://twitter.com/search?q=%23FelizJueves;46479
2020-07-10;Felipe VI;http://twitter.com/search?q=%22Felipe+VI%22;33712
2020-07-10;Felipe VI;http://twitter.com/search?q=%22Felipe+VI%22;34580
2020-07-10;#FelizJueves;http://twitter.com/search?q=%23FelizJueves;44694
2020-07-11;Felipe VI;http://twitter.com/search?q=%22Felipe+VI%22;24385
2020-07-11;Felipe VI;http://twitter.com/search?q=%22Felipe+VI%22;24156
2020-07-11;#FelizSabado;http://twitter.com/search?q=%23FelizSabado;11492
2020-07-11;#FelizSabado;http://twitter.com/search?q=%22Feliz+S%C3%A1bado%22;11100
2020-07-11;#FelizSabado;http://twitter.com/search?q=%23FelizSabado;14793
2020-07-11;#FelizSabado;http://twitter.com/search?q=%23FelizSabado;18055
2020-07-12;#FelizSabado;http://twitter.com/search?q=%23FelizSabado;36973
2020-07-12;#FelizSabado;http://twitter.com/search?q=%23FelizSabado;37332
2020-07-12;#FelizSabado;http://twitter.com/search?q=%23FelizSabado;37500
2020-07-12;#FelizSabado;http://twitter.com/search?q=%23FelizSabado;36925
2020-07-12;#FelizSabado;http://twitter.com/search?q=%23FelizSabado;35700
2020-07-12;#FelizSabado;http://twitter.com/search?q=%23FelizSabado;34628
2020-07-12;#FelizSabado;http://twitter.com/search?q=%23FelizSabado;33587
2020-07-12;#FelizDomingo;http://twitter.com/search?q=%23FelizDomingo;10426
2020-07-12;#FelizDomingo;http://twitter.com/search?q=%23FelizDomingo;13040
2020-07-12;#FelizDomingo;http://twitter.com/search?q=%23FelizDomingo;16381
2020-07-12;#FelizDomingo;http://twitter.com/search?q=%23FelizDomingo;20068
2020-07-13;#FelizLunes;http://twitter.com/search?q=%23FelizLunes;13075
2020-07-13;#FelizLunes;http://twitter.com/search?q=%23FelizLunes;17245
2020-07-13;#FelizLunes;http://twitter.com/search?q=%23FelizLunes;21455
2020-07-13;#FelizLunes;http://twitter.com/search?q=%23FelizLunes;25932
2020-07-14;#FelizLunes;http://twitter.com/search?q=%23FelizLunes;48326
2020-07-14;#FelizLunes;http://twitter.com/search?q=%23FelizLunes;49337
2020-07-14;#FelizLunes;http://twitter.com/search?q=%23FelizLunes;50056
2020-07-14;#FelizMartes;http://twitter.com/search?q=%23FelizMartes;11253
2020-07-14;#FelizMartes;http://twitter.com/search?q=%23FelizMartes;14017
2020-07-14;#FelizMartes;http://twitter.com/search?q=%23FelizMartes;17970
2020-07-14;#FelizMartes;http://twitter.com/search?q=%23FelizMartes;21908
2020-07-14;#FelizMartes;http://twitter.com/search?q=%23FelizMartes;25405
2020-07-15;#FelizMartes;http://twitter.com/search?q=%23FelizMartes;43985
2020-07-15;#FelizMartes;http://twitter.com/search?q=%23FelizMartes;44671
2020-07-15;#FelizMiercoles;http://twitter.com/search?q=%23FelizMiercoles;12093
2020-07-15;#FelizMiercoles;http://twitter.com/search?q=%23FelizMiercoles;15874
2020-07-15;#FelizMiercoles;http://twitter.com/search?q=%23FelizMiercoles;20448
2020-07-15;#FelizMiercoles;http://twitter.com/search?q=%23FelizMiercoles;24505
2020-07-15;#FelizMiercoles;http://twitter.com/search?q=%23FelizMiercoles;27772
2020-07-15;#FelizMiercoles;http://twitter.com/search?q=%23FelizMiercoles;31062
2020-07-16;#FelizMiercoles;http://twitter.com/search?q=%23FelizMiercoles;44364
2020-07-16;#FelizJueves;http://twitter.com/search?q=%23FelizJueves;12640
2020-07-16;#FelizJueves;http://twitter.com/search?q=%23FelizJueves;15982
2020-07-16;#FelizJueves;http://twitter.com/search?q=%23FelizJueves;19755
2020-07-17;#FelizJueves;http://twitter.com/search?q=%23FelizJueves;40911
2020-07-17;#FelizJueves;http://twitter.com/search?q=%23FelizJueves;40644
2020-07-17;Felipe González;http://twitter.com/search?q=%22Felipe+Gonz%C3%A1lez%22;12757
2020-07-17;Felipe González;http://twitter.com/search?q=%22Felipe+Gonz%C3%A1lez%22;13467
2020-07-17;Felipe González;http://twitter.com/search?q=%22Felipe+Gonz%C3%A1lez%22;14215
2020-07-17;Felipe González;http://twitter.com/search?q=%22Felipe+Gonz%C3%A1lez%22;14758
2020-07-17;Felipe González;http://twitter.com/search?q=%22Felipe+Gonz%C3%A1lez%22;15408
2020-07-17;Felipe González;http://twitter.com/search?q=%22Felipe+Gonz%C3%A1lez%22;15934
2020-07-17;Felipe González;http://twitter.com/search?q=%22Felipe+Gonz%C3%A1lez%22;16834
2020-07-17;Felipe González;http://twitter.com/search?q=%22Felipe+Gonz%C3%A1lez%22;17571
2020-07-17;Felipe González;http://twitter.com/search?q=%22Felipe+Gonz%C3%A1lez%22;18007
2020-07-17;Felipe González;http://twitter.com/search?q=%22Felipe+Gonz%C3%A1lez%22;18483
2020-07-17;#FelizViernesATodos;http://twitter.com/search?q=%23FelizViernesATodos;10730
2020-07-18;Felipe González;http://twitter.com/search?q=%22Felipe+Gonz%C3%A1lez%22;20404
2020-07-18;#FelizViernesATodos;http://twitter.com/search?q=%23FelizViernesATodos;15184
2020-07-18;#FelizViernesATodos;http://twitter.com/search?q=%23FelizViernesATodos;15451
2020-07-18;Felipe González;http://twitter.com/search?q=%22Felipe+Gonz%C3%A1lez%22;20402
2020-07-18;#FelizViernesATodos;http://twitter.com/search?q=%23FelizViernesATodos;15555
2020-07-18;Felipe González;http://twitter.com/search?q=%22Felipe+Gonz%C3%A1lez%22;20548
2020-07-18;#FelizViernesATodos;http://twitter.com/search?q=%23FelizViernesATodos;15492
2020-07-18;Felipe González;http://twitter.com/search?q=%22Felipe+Gonz%C3%A1lez%22;21722
2020-07-18;#FelizViernesATodos;http://twitter.com/search?q=%23FelizViernesATodos;15334
2020-07-18;Felipe González;http://twitter.com/search?q=%22Felipe+Gonz%C3%A1lez%22;23277
2020-07-18;Felipe González;http://twitter.com/search?q=%22Felipe+Gonz%C3%A1lez%22;24629
2020-07-18;Felipe González;http://twitter.com/search?q=%22Felipe+Gonz%C3%A1lez%22;24905
2020-07-18;#FelizAlzamiento;http://twitter.com/search?q=%23FelizAlzamiento;11600
2020-07-18;#FelizSabado;http://twitter.com/search?q=%23FelizSabado;10456
2020-07-18;#FelizAlzamiento;http://twitter.com/search?q=%23FelizAlzamiento;13491
2020-07-18;#FelizSabado;http://twitter.com/search?q=%23FelizSabado;14230
2020-07-18;#FelizAlzamiento;http://twitter.com/search?q=%23FelizAlzamiento;15046
2020-07-18;#FelizSabado;http://twitter.com/search?q=%23FelizSabado;18036
2020-07-18;#FelizAlzamiento;http://twitter.com/search?q=%23FelizAlzamiento;16317
2020-07-18;#FelizSabado;http://twitter.com/search?q=%23FelizSabado;21980
2020-07-18;#FelizAlzamiento;http://twitter.com/search?q=%23FelizAlzamiento;17297
2020-07-18;#FelizSabado;http://twitter.com/search?q=%23FelizSabado;24900
2020-07-18;#FelizAlzamiento;http://twitter.com/search?q=%23FelizAlzamiento;18101
2020-07-18;#FelizSabado;http://twitter.com/search?q=%23FelizSabado;27988
2020-07-18;#FelizAlzamiento;http://twitter.com/search?q=%23FelizAlzamiento;18909
2020-07-18;#FelizAlzamiento;http://twitter.com/search?q=%23FelizAlzamiento;19254
2020-07-19;#FelizAlzamiento;http://twitter.com/search?q=%23FelizAlzamiento;18840
2020-07-19;#FelizSabado;http://twitter.com/search?q=%23FelizSabado;44604
2020-07-19;#FelizAlzamiento;http://twitter.com/search?q=%23FelizAlzamiento;18797
2020-07-19;#FelizSabado;http://twitter.com/search?q=%23FelizSabado;45589
2020-07-19;#FelizAlzamiento;http://twitter.com/search?q=%23FelizAlzamiento;18787
2020-07-19;#FelizSabado;http://twitter.com/search?q=%23FelizSabado;46368
2020-07-19;#FelizAlzamiento;http://twitter.com/search?q=%23FelizAlzamiento;18776
2020-07-19;#FelizAlzamiento;http://twitter.com/search?q=%23FelizAlzamiento;18046
2020-07-19;#FelizAlzamiento;http://twitter.com/search?q=%23FelizAlzamiento;16802
2020-07-19;#FelizDomingo;http://twitter.com/search?q=%23FelizDomingo;11380
2020-07-19;#FelizDomingo;http://twitter.com/search?q=%23FelizDomingo;14490
2020-07-19;#FelizDomingo;http://twitter.com/search?q=%23FelizDomingo;18392
2020-07-20;#FelizDomingo;http://twitter.com/search?q=%23FelizDomingo;45296
2020-07-20;#FelizDomingo;http://twitter.com/search?q=%23FelizDomingo;45890
2020-07-20;#FelizDomingo;http://twitter.com/search?q=%23FelizDomingo;45605
2020-07-20;#FelizLunes;http://twitter.com/search?q=%23FelizLunes;11956
2020-07-20;#FelizLunes;http://twitter.com/search?q=%23FelizLunes;15661
2020-07-20;#FelizLunes;http://twitter.com/search?q=%23FelizLunes;20111
2020-07-20;#FelizLunes;http://twitter.com/search?q=%23FelizLunes;23981
2020-07-21;#FelizLunes;http://twitter.com/search?q=%23FelizLunes;47839
2020-07-21;#FelizLunes;http://twitter.com/search?q=%23FelizLunes;48644
2020-07-21;#FelizLunes;http://twitter.com/search?q=%23FelizLunes;46640
2020-07-21;#FelizLunes;http://twitter.com/search?q=%23FelizLunes;44100
2020-07-21;#FelizMartes;http://twitter.com/search?q=%23FelizMartes;12606
2020-07-21;#FelizMartes;http://twitter.com/search?q=%23FelizMartes;16240
2020-07-21;#FelizMartes;http://twitter.com/search?q=%23FelizMartes;19768
2020-07-21;#FelizMartes;http://twitter.com/search?q=%23FelizMartes;23166
2020-07-22;#FelizMartes;http://twitter.com/search?q=%23FelizMartes;42740
2020-07-22;#FelizMartes;http://twitter.com/search?q=%23FelizMartes;43069
2020-07-22;#FelizMartes;http://twitter.com/search?q=%23FelizMartes;42858
2020-07-22;#FelizMartes;http://twitter.com/search?q=%23FelizMartes;41988
2020-07-22;#FelizMartes;http://twitter.com/search?q=%23FelizMartes;40830
2020-07-22;#FelizMartes;http://twitter.com/search?q=%23FelizMartes;39549
2020-07-22;#FelizMartes;http://twitter.com/search?q=%23FelizMartes;38609
2020-07-22;#FelizMiercoles;http://twitter.com/search?q=%23FelizMiercoles;12101
2020-07-22;#FelizMiercoles;http://twitter.com/search?q=%23FelizMiercoles;15824
2020-07-22;#FelizMiercoles;http://twitter.com/search?q=%23FelizMiercoles;20029
2020-07-22;#FelizMiercoles;http://twitter.com/search?q=%23FelizMiercoles;24215
2020-07-23;#YaSobrasFelipeVI;http://twitter.com/search?q=%23YaSobrasFelipeVI;10044
2020-07-23;#YaSobrasFelipeVI;http://twitter.com/search?q=%23YaSobrasFelipeVI;10205
2020-07-23;#YaSobrasFelipeVI;http://twitter.com/search?q=%23YaSobrasFelipeVI;10253
2020-07-23;#FelizMiercoles;http://twitter.com/search?q=%23FelizMiercoles;44158
2020-07-23;#YaSobrasFelipeVI;http://twitter.com/search?q=%23YaSobrasFelipeVI;10336
2020-07-23;#FelizMiercoles;http://twitter.com/search?q=%23FelizMiercoles;44344
2020-07-23;#YaSobrasFelipeVI;http://twitter.com/search?q=%23YaSobrasFelipeVI;10594
2020-07-23;#FelizMiercoles;http://twitter.com/search?q=%23FelizMiercoles;44003
2020-07-23;#FelizMiercoles;http://twitter.com/search?q=%23FelizMiercoles;42907
2020-07-23;#YaSobrasFelipeVI;http://twitter.com/search?q=%23YaSobrasFelipeVI;10875
2020-07-23;#YaSobrasFelipeVI;http://twitter.com/search?q=%23YaSobrasFelipeVI;11211
2020-07-23;#FelizMiercoles;http://twitter.com/search?q=%23FelizMiercoles;41477
2020-07-23;#FelizJueves;http://twitter.com/search?q=%23FelizJueves;12544
2020-07-23;#FelizJueves;http://twitter.com/search?q=%23FelizJueves;16351
2020-07-23;#FelizJueves;http://twitter.com/search?q=%23FelizJueves;20305
2020-07-23;#FelizJueves;http://twitter.com/search?q=%23FelizJueves;24108
2020-07-25;#FelizSabado;http://twitter.com/search?q=%23FelizSabado;11567
2020-07-25;#FelizSabado;http://twitter.com/search?q=%23FelizSabado;15076
2020-07-25;#FelizSabado;http://twitter.com/search?q=%23FelizSabado;19287
2020-07-25;#FelizSabado;http://twitter.com/search?q=%23FelizSabado;23059
2020-07-25;#FelizSabado;http://twitter.com/search?q=%23FelizSabado;26099
2020-07-25;#FelizSabado;http://twitter.com/search?q=%23FelizSabado;28712
2020-07-26;#FelizSabado;http://twitter.com/search?q=%23FelizSabado;40413
2020-07-26;#FelizSabado;http://twitter.com/search?q=%23FelizSabado;40945
2020-07-26;#FelizSabado;http://twitter.com/search?q=%23FelizSabado;41308
2020-07-26;#FelizSabado;http://twitter.com/search?q=%23FelizSabado;41365
2020-07-26;#FelizSabado;http://twitter.com/search?q=%23FelizSabado;41011
2020-07-26;#FelizSabado;http://twitter.com/search?q=%23FelizSabado;40098
2020-07-26;#FelizDomingo;http://twitter.com/search?q=%23FelizDomingo;10806
2020-07-27;#FelizDomingo;http://twitter.com/search?q=%23FelizDomingo;38638
2020-07-27;#FelizDomingo;http://twitter.com/search?q=%23FelizDomingo;38956
2020-07-27;#FelizDomingo;http://twitter.com/search?q=%23FelizDomingo;33841
2020-07-27;#FelizLunes;http://twitter.com/search?q=%23FelizLunes;10900
2020-07-27;#FelizLunes;http://twitter.com/search?q=%23FelizLunes;14406
2020-07-27;#FelizLunes;http://twitter.com/search?q=%23FelizLunes;18636
2020-07-27;#FelizLunes;http://twitter.com/search?q=%23FelizLunes;23341
2020-07-28;#FelizLunes;http://twitter.com/search?q=%23FelizLunes;45000
2020-07-28;#FelizLunes;http://twitter.com/search?q=%23FelizLunes;45928
2020-07-28;#FelizLunes;http://twitter.com/search?q=%23FelizLunes;46813
2020-07-28;#FelizMartes;http://twitter.com/search?q=%23FelizMartes;10042
2020-07-28;#FelizMartes;http://twitter.com/search?q=%23FelizMartes;12652
2020-07-28;#FelizMartes;http://twitter.com/search?q=%23FelizMartes;16038
2020-07-28;#FelizMartes;http://twitter.com/search?q=%23FelizMartes;19609
2020-07-29;#FelizMartes;http://twitter.com/search?q=%23FelizMartes;41752